Workbook

Sheet PROY. INTER
A2: INSTITUCIÓN: | C2: UNIDAD EDUCATIVA EMILIO ISAIAS ABIHANNA | AB2: INSTITUCIÓN: | AD2: =C2 -> UNIDAD EDUCATIVA EMILIO ISAIAS ABIHANNA | BC2: INSTITUCIÓN: | BE2: =AD2 -> UNIDAD EDUCATIVA EMILIO ISAIAS ABIHANNA
A3: DOCENTE TUTOR: | C3: Stalin Ochoa | AB3: DOCENTE TUTOR: | AD3: =C3 -> Stalin Ochoa | BC3: DOCENTE TUTOR: | BE3: =C3 -> Stalin Ochoa
A4: GRADO: | C4: 1ERO TECNICO | D4: PARALELO: | G4: B | AB4: GRADO: | AD4: =C4 -> 1ERO TECNICO | AE4: PARALELO: | AH4: =G4 -> B | BC4: GRADO: | BE4: =C4 -> 1ERO TECNICO | BF4: PARALELO: | BI4: =G4 -> B
A6: CALIFICACION DEL PROYECTO INTERDISCIPLINARIO | AB6: CALIFICACION DEL PROYECTO INTERDISCIPLINARIO | BC6: CALIFICACION DEL PROYECTO INTERDISCIPLINARIO
A7: FASE 1 | AB7: FASE 2 | BC7: FASE 3
A8: ESTUDIANTES | D8: MATERIAS QUE INTERVIENEN | S8: TOTAL PROYECTO | T8: PROYECTO INTERDISCIPLINARIO TOTAL 10% | U8: PROYECTO INTERDISCIPLINARIO | V8: 0.05 | W8: TOTAL TRIMESTRAL FASE 1 | X8: TOTAL TRIMESTRE (15%) | AB8: ESTUDIANTES | AE8: MATERIAS QUE INTERVIENEN | AT8: TOTAL PROYECTO | AU8: PROYECTO INTERDISCIPLINARIO TOTAL 10% | AV8: PROYECTO INTERDISCIPLINARIO | AW8: 0.05 | AX8: TOTAL TRIMESTRAL FASE 2 | AY8: TOTAL TRIMESTRE (15%) | BC8: ESTUDIANTES | BF8: MATERIAS QUE INTERVIENEN | BU8: TOTAL PROYECTO | BV8: PROYECTO INTERDISCIPLINARIO TOTAL 10% | BW8: PROYECTO INTERDISCIPLINARIO | BX8: 0.05 | BY8: TOTAL TRIMESTRAL FASE 3 | BZ8: TOTAL TRIMESTRE (15%)
A11: Nº | B11: CÉDULA | C11: APELLIDOS/NOMBRES | D11: LENGUAJE | E11: MATEMATICA | F11: INGLES | G11: QUIMICA | H11: FISICA | I11: ED. FISICA | J11: CONTABILIDAD GENERAL | K11: BIOLOGIA | L11: HISTORIOA | M11: E.C.A | N11: FILOSOFIA | O11: EMP. Y GESTION | P11: EDUCACION PARA LA CIUDADANIA | Q11: PAQUETES CONTABLES | R11: TRIBUTACION | AB11: Nº | AC11: CÉDULA | AD11: APELLIDOS/NOMBRES | AE11: LENGUAJE | AF11: MATEMATICA | AG11: INGLES | AH11: QUIMICA | AI11: FISICA | AJ11: ED. FISICA | AK11: CONTABILIDAD GENERAL | AL11: BIOLOGIA | AM11: HISTORIOA | AN11: E.C.A | AO11: FILOSOFIA | AP11: EMP. Y GESTION | AQ11: EDUCACION PARA LA CIUDADANIA | AR11: PAQUETES CONTABLES | AS11: TRIBUTACION | BC11: Nº | BD11: CÉDULA | BE11: APELLIDOS/NOMBRES | BF11: LENGUAJE | BG11: MATEMATICA | BH11: INGLES | BI11: QUIMICA | BJ11: FISICA | BK11: ED. FISICA | BL11: CONTABILIDAD GENERAL | BM11: BIOLOGIA | BN11: HISTORIOA | BO11: E.C.A | BP11: FILOSOFIA | BQ11: EMP. Y GESTION | BR11: EDUCACION PARA LA CIUDADANIA | BS11: PAQUETES CONTABLES | BT11: TRIBUTACION
A12: 1 | C12: Almeida Alvarado Ariana Guisela | D12: 10 | E12: 10 | F12: 10 | O12: 10 | S12: =AVERAGE(D12:R12) -> 10 | T12: =IFERROR(TRUNC(AVERAGE(D12:S12),2),"")*10/100 -> 1 | U12: =S12 -> 10 | V12: =U12*5/100 -> 0.5 | W12: =ROUND(X12*100/15,2) -> 10 | X12: =IFERROR(TRUNC(SUM(T12+V12),2),"") -> 1.5 | AB12: 1 | AC12: =B12 | AD12: =C12 -> Almeida Alvarado Ariana Guisela | AF12: 10 | AI12: 10 | AK12: 10 | AM12: 10 | AO12: 10 | AT12: =AVERAGE(AE12:AS12) -> 10 | AU12: =IFERROR(TRUNC(AVERAGE(AE12:AT12),2),"")*10/100 -> 1 | AV12: =AT12 -> 10 | AW12: =AV12*5/100 -> 0.5 | AX12: =ROUND(AY12*100/15,2) -> 10 | AY12: =IFERROR(TRUNC(SUM(AU12+AW12),2),"") -> 1.5 | BC12: 1 | BD12: =B12 | BE12: =C12 -> Almeida Alvarado Ariana Guisela | BU12: =AVERAGE(BF12:BT12) -> #DIV/0! | BV12: =IFERROR(TRUNC(AVERAGE(BF12:BU12),2),"")*10/100 -> 0 | BW12: =BU12 -> #DIV/0! | BX12: =BW12*5/100 -> #DIV/0! | BY12: =ROUND(BZ12*100/15,2) -> 0 | BZ12: =IFERROR(TRUNC(SUM(BV12+BX12),2),"")
A13: 2 | C13: Alvarado Vargas Dacmar Alejandra | D13: 10 | E13: 10 | F13: 10 | O13: 10 | S13: =AVERAGE(D13:Q13) -> 10 | T13: =IFERROR(TRUNC(AVERAGE(D13:S13),2),"")*10/100 -> 1 | U13: =S13 -> 10 | V13: =U13*5/100 -> 0.5 | W13: =ROUND(X13*100/15,2) -> 10 | X13: =IFERROR(TRUNC(SUM(T13+V13),2),"") -> 1.5 | AB13: 2 | AC13: =B13 | AD13: =C13 -> Alvarado Vargas Dacmar Alejandra | AF13: 10 | AI13: 10 | AK13: 10 | AM13: 10 | AO13: 10 | AT13: =AVERAGE(AE13:AS13) -> 10 | AU13: =IFERROR(TRUNC(AVERAGE(AE13:AT13),2),"")*10/100 -> 1 | AV13: =AT13 -> 10 | AW13: =AV13*5/100 -> 0.5 | AX13: =ROUND(AY13*100/15,2) -> 10 | AY13: =IFERROR(TRUNC(SUM(AU13+AW13),2),"") -> 1.5 | BC13: 2 | BD13: =B13 | BE13: =C13 -> Alvarado Vargas Dacmar Alejandra | BU13: =AVERAGE(BF13:BT13) -> #DIV/0! | BV13: =IFERROR(TRUNC(AVERAGE(BF13:BU13),2),"")*10/100 -> 0 | BW13: =BU13 -> #DIV/0! | BX13: =BW13*5/100 -> #DIV/0! | BY13: =ROUND(BZ13*100/15,2) -> 0 | BZ13: =IFERROR(TRUNC(SUM(BV13+BX13),2),"")
A14: 3 | C14: Ampuero Cornejo Cesar Jeanpierre | D14: 10 | E14: 10 | F14: 8 | O14: 5 | S14: =AVERAGE(D14:Q14) -> 8.25 | T14: =IFERROR(TRUNC(AVERAGE(D14:S14),2),"")*10/100 -> 0.825 | U14: =S14 -> 8.25 | V14: =U14*5/100 -> 0.4125 | W14: =ROUND(X14*100/15,2) -> 8.2 | X14: =IFERROR(TRUNC(SUM(T14+V14),2),"") -> 1.23 | AB14: 3 | AC14: =B14 | AD14: =C14 -> Ampuero Cornejo Cesar Jeanpierre | AF14: 10 | AI14: 10 | AK14: 10 | AM14: 10 | AO14: 10 | AT14: =AVERAGE(AE14:AS14) -> 10 | AU14: =IFERROR(TRUNC(AVERAGE(AE14:AT14),2),"")*10/100 -> 1 | AV14: =AT14 -> 10 | AW14: =AV14*5/100 -> 0.5 | AX14: =ROUND(AY14*100/15,2) -> 10 | AY14: =IFERROR(TRUNC(SUM(AU14+AW14),2),"") -> 1.5 | BC14: 3 | BD14: =B14 | BE14: =C14 -> Ampuero Cornejo Cesar Jeanpierre | BU14: =AVERAGE(BF14:BT14) -> #DIV/0! | BV14: =IFERROR(TRUNC(AVERAGE(BF14:BU14),2),"")*10/100 -> 0 | BW14: =BU14 -> #DIV/0! | BX14: =BW14*5/100 -> #DIV/0! | BY14: =ROUND(BZ14*100/15,2) -> 0 | BZ14: =IFERROR(TRUNC(SUM(BV14+BX14),2),"")
A15: 4 | C15: Aylla Murillo Kerly Kristhel | D15: 7 | E15: 10 | F15: 5 | O15: 5 | S15: =AVERAGE(D15:Q15) -> 6.75 | T15: =IFERROR(TRUNC(AVERAGE(D15:S15),2),"")*10/100 -> 0.675 | U15: =S15 -> 6.75 | V15: =U15*5/100 -> 0.3375 | W15: =ROUND(X15*100/15,2) -> 6.73 | X15: =IFERROR(TRUNC(SUM(T15+V15),2),"") -> 1.01 | AB15: 4 | AC15: =B15 | AD15: =C15 -> Aylla Murillo Kerly Kristhel | AF15: 10 | AI15: 10 | AK15: 10 | AM15: 10 | AO15: 10 | AT15: =AVERAGE(AE15:AS15) -> 10 | AU15: =IFERROR(TRUNC(AVERAGE(AE15:AT15),2),"")*10/100 -> 1 | AV15: =AT15 -> 10 | AW15: =AV15*5/100 -> 0.5 | AX15: =ROUND(AY15*100/15,2) -> 10 | AY15: =IFERROR(TRUNC(SUM(AU15+AW15),2),"") -> 1.5 | BC15: 4 | BD15: =B15 | BE15: =C15 -> Aylla Murillo Kerly Kristhel | BU15: =AVERAGE(BF15:BT15) -> #DIV/0! | BV15: =IFERROR(TRUNC(AVERAGE(BF15:BU15),2),"")*10/100 -> 0 | BW15: =BU15 -> #DIV/0! | BX15: =BW15*5/100 -> #DIV/0! | BY15: =ROUND(BZ15*100/15,2) -> 0 | BZ15: =IFERROR(TRUNC(SUM(BV15+BX15),2),"")
A16: 5 | C16: Campuzano Meza Naydelyn Odeth | D16: 7 | E16: 10 | F16: 2 | O16: 5 | S16: =AVERAGE(D16:Q16) -> 6 | T16: =IFERROR(TRUNC(AVERAGE(D16:S16),2),"")*10/100 -> 0.6 | U16: =S16 -> 6 | V16: =U16*5/100 -> 0.3 | W16: =ROUND(X16*100/15,2) -> 6 | X16: =IFERROR(TRUNC(SUM(T16+V16),2),"") -> 0.9 | AB16: 5 | AC16: =B16 | AD16: =C16 -> Campuzano Meza Naydelyn Odeth | AF16: 2 | AI16: 2 | AK16: 2 | AM16: 2 | AO16: 2 | AT16: =AVERAGE(AE16:AS16) -> 2 | AU16: =IFERROR(TRUNC(AVERAGE(AE16:AT16),2),"")*10/100 -> 0.2 | AV16: =AT16 -> 2 | AW16: =AV16*5/100 -> 0.1 | AX16: =ROUND(AY16*100/15,2) -> 2 | AY16: =IFERROR(TRUNC(SUM(AU16+AW16),2),"") -> 0.3 | BC16: 5 | BD16: =B16 | BE16: =C16 -> Campuzano Meza Naydelyn Odeth | BU16: =AVERAGE(BF16:BT16) -> #DIV/0! | BV16: =IFERROR(TRUNC(AVERAGE(BF16:BU16),2),"")*10/100 -> 0 | BW16: =BU16 -> #DIV/0! | BX16: =BW16*5/100 -> #DIV/0! | BY16: =ROUND(BZ16*100/15,2) -> 0 | BZ16: =IFERROR(TRUNC(SUM(BV16+BX16),2),"")
A17: 6 | C17: Cantos Zúñiga a Hernán Snayder | D17: 10 | E17: 10 | F17: 9.5 | O17: 10 | S17: =AVERAGE(D17:Q17) -> 9.875 | T17: =IFERROR(TRUNC(AVERAGE(D17:S17),2),"")*10/100 -> 0.987 | U17: =S17 -> 9.875 | V17: =U17*5/100 -> 0.49375 | W17: =ROUND(X17*100/15,2) -> 9.87 | X17: =IFERROR(TRUNC(SUM(T17+V17),2),"") -> 1.48 | AB17: 6 | AC17: =B17 | AD17: =C17 -> Cantos Zúñiga a Hernán Snayder | AF17: 10 | AI17: 10 | AK17: 10 | AM17: 10 | AO17: 10 | AT17: =AVERAGE(AE17:AS17) -> 10 | AU17: =IFERROR(TRUNC(AVERAGE(AE17:AT17),2),"")*10/100 -> 1 | AV17: =AT17 -> 10 | AW17: =AV17*5/100 -> 0.5 | AX17: =ROUND(AY17*100/15,2) -> 10 | AY17: =IFERROR(TRUNC(SUM(AU17+AW17),2),"") -> 1.5 | BC17: 6 | BD17: =B17 | BE17: =C17 -> Cantos Zúñiga a Hernán Snayder | BU17: =AVERAGE(BF17:BT17) -> #DIV/0! | BV17: =IFERROR(TRUNC(AVERAGE(BF17:BU17),2),"")*10/100 -> 0 | BW17: =BU17 -> #DIV/0! | BX17: =BW17*5/100 -> #DIV/0! | BY17: =ROUND(BZ17*100/15,2) -> 0 | BZ17: =IFERROR(TRUNC(SUM(BV17+BX17),2),"")
A18: 7 | C18: Carranza Dumes Genesis Daniela | D18: 10 | E18: 10 | F18: 8 | O18: 8 | S18: =AVERAGE(D18:Q18) -> 9 | T18: =IFERROR(TRUNC(AVERAGE(D18:S18),2),"")*10/100 -> 0.9 | U18: =S18 -> 9 | V18: =U18*5/100 -> 0.45 | W18: =ROUND(X18*100/15,2) -> 9 | X18: =IFERROR(TRUNC(SUM(T18+V18),2),"") -> 1.35 | AB18: 7 | AC18: =B18 | AD18: =C18 -> Carranza Dumes Genesis Daniela | AF18: 2 | AI18: 2 | AK18: 2 | AM18: 2 | AO18: 2 | AT18: =AVERAGE(AE18:AS18) -> 2 | AU18: =IFERROR(TRUNC(AVERAGE(AE18:AT18),2),"")*10/100 -> 0.2 | AV18: =AT18 -> 2 | AW18: =AV18*5/100 -> 0.1 | AX18: =ROUND(AY18*100/15,2) -> 2 | AY18: =IFERROR(TRUNC(SUM(AU18+AW18),2),"") -> 0.3 | BC18: 7 | BD18: =B18 | BE18: =C18 -> Carranza Dumes Genesis Daniela | BU18: =AVERAGE(BF18:BT18) -> #DIV/0! | BV18: =IFERROR(TRUNC(AVERAGE(BF18:BU18),2),"")*10/100 -> 0 | BW18: =BU18 -> #DIV/0! | BX18: =BW18*5/100 -> #DIV/0! | BY18: =ROUND(BZ18*100/15,2) -> 0 | BZ18: =IFERROR(TRUNC(SUM(BV18+BX18),2),"")
A19: 8 | C19: Castro De La Rosa Cristopher Ruben | D19: 7 | E19: 10 | F19: 2 | O19: 5 | S19: =AVERAGE(D19:Q19) -> 6 | T19: =IFERROR(TRUNC(AVERAGE(D19:S19),2),"")*10/100 -> 0.6 | U19: =S19 -> 6 | V19: =U19*5/100 -> 0.3 | W19: =ROUND(X19*100/15,2) -> 6 | X19: =IFERROR(TRUNC(SUM(T19+V19),2),"") -> 0.9 | AB19: 8 | AC19: =B19 | AD19: =C19 -> Castro De La Rosa Cristopher Ruben | AF19: 2 | AI19: 2 | AK19: 2 | AM19: 2 | AO19: 2 | AT19: =AVERAGE(AE19:AS19) -> 2 | AU19: =IFERROR(TRUNC(AVERAGE(AE19:AT19),2),"")*10/100 -> 0.2 | AV19: =AT19 -> 2 | AW19: =AV19*5/100 -> 0.1 | AX19: =ROUND(AY19*100/15,2) -> 2 | AY19: =IFERROR(TRUNC(SUM(AU19+AW19),2),"") -> 0.3 | BC19: 8 | BD19: =B19 | BE19: =C19 -> Castro De La Rosa Cristopher Ruben | BU19: =AVERAGE(BF19:BT19) -> #DIV/0! | BV19: =IFERROR(TRUNC(AVERAGE(BF19:BU19),2),"")*10/100 -> 0 | BW19: =BU19 -> #DIV/0! | BX19: =BW19*5/100 -> #DIV/0! | BY19: =ROUND(BZ19*100/15,2) -> 0 | BZ19: =IFERROR(TRUNC(SUM(BV19+BX19),2),"")
A20: 9 | C20: Chamba Maurad Joshelyn Juleixi | D20: 7 | E20: 10 | F20: 2 | O20: 5 | S20: =AVERAGE(D20:Q20) -> 6 | T20: =IFERROR(TRUNC(AVERAGE(D20:S20),2),"")*10/100 -> 0.6 | U20: =S20 -> 6 | V20: =U20*5/100 -> 0.3 | W20: =ROUND(X20*100/15,2) -> 6 | X20: =IFERROR(TRUNC(SUM(T20+V20),2),"") -> 0.9 | AB20: 9 | AC20: =B20 | AD20: =C20 -> Chamba Maurad Joshelyn Juleixi | AF20: 10 | AI20: 10 | AK20: 10 | AM20: 10 | AO20: 10 | AT20: =AVERAGE(AE20:AS20) -> 10 | AU20: =IFERROR(TRUNC(AVERAGE(AE20:AT20),2),"")*10/100 -> 1 | AV20: =AT20 -> 10 | AW20: =AV20*5/100 -> 0.5 | AX20: =ROUND(AY20*100/15,2) -> 10 | AY20: =IFERROR(TRUNC(SUM(AU20+AW20),2),"") -> 1.5 | BC20: 9 | BD20: =B20 | BE20: =C20 -> Chamba Maurad Joshelyn Juleixi | BU20: =AVERAGE(BF20:BT20) -> #DIV/0! | BV20: =IFERROR(TRUNC(AVERAGE(BF20:BU20),2),"")*10/100 -> 0 | BW20: =BU20 -> #DIV/0! | BX20: =BW20*5/100 -> #DIV/0! | BY20: =ROUND(BZ20*100/15,2) -> 0 | BZ20: =IFERROR(TRUNC(SUM(BV20+BX20),2),"")
A21: 10 | C21: Cedeño Sanchez Josué | D21: 7 | E21: 10 | F21: 2 | O21: 5 | S21: =AVERAGE(D21:Q21) -> 6 | T21: =IFERROR(TRUNC(AVERAGE(D21:S21),2),"")*10/100 -> 0.6 | U21: =S21 -> 6 | V21: =U21*5/100 -> 0.3 | W21: =ROUND(X21*100/15,2) -> 6 | X21: =IFERROR(TRUNC(SUM(T21+V21),2),"") -> 0.9 | AB21: 10 | AC21: =B21 | AD21: =C21 -> Cedeño Sanchez Josué | AF21: 2 | AI21: 2 | AK21: 2 | AM21: 2 | AO21: 2 | AT21: =AVERAGE(AE21:AS21) -> 2 | AU21: =IFERROR(TRUNC(AVERAGE(AE21:AT21),2),"")*10/100 -> 0.2 | AV21: =AT21 -> 2 | AW21: =AV21*5/100 -> 0.1 | AX21: =ROUND(AY21*100/15,2) -> 2 | AY21: =IFERROR(TRUNC(SUM(AU21+AW21),2),"") -> 0.3 | BC21: 10 | BD21: =B21 | BE21: =C21 -> Cedeño Sanchez Josué | BU21: =AVERAGE(BF21:BT21) -> #DIV/0! | BV21: =IFERROR(TRUNC(AVERAGE(BF21:BU21),2),"")*10/100 -> 0 | BW21: =BU21 -> #DIV/0! | BX21: =BW21*5/100 -> #DIV/0! | BY21: =ROUND(BZ21*100/15,2) -> 0 | BZ21: =IFERROR(TRUNC(SUM(BV21+BX21),2),"")
A22: 11 | C22: Espinoza Martinez Stefano Juliano | D22: 10 | E22: 10 | F22: 10 | O22: 10 | S22: =AVERAGE(D22:Q22) -> 10 | T22: =IFERROR(TRUNC(AVERAGE(D22:S22),2),"")*10/100 -> 1 | U22: =S22 -> 10 | V22: =U22*5/100 -> 0.5 | W22: =ROUND(X22*100/15,2) -> 10 | X22: =IFERROR(TRUNC(SUM(T22+V22),2),"") -> 1.5 | AB22: 11 | AC22: =B22 | AD22: =C22 -> Espinoza Martinez Stefano Juliano | AF22: 10 | AI22: 10 | AK22: 10 | AM22: 10 | AO22: 10 | AT22: =AVERAGE(AE22:AS22) -> 10 | AU22: =IFERROR(TRUNC(AVERAGE(AE22:AT22),2),"")*10/100 -> 1 | AV22: =AT22 -> 10 | AW22: =AV22*5/100 -> 0.5 | AX22: =ROUND(AY22*100/15,2) -> 10 | AY22: =IFERROR(TRUNC(SUM(AU22+AW22),2),"") -> 1.5 | BC22: 11 | BD22: =B22 | BE22: =C22 -> Espinoza Martinez Stefano Juliano | BU22: =AVERAGE(BF22:BT22) -> #DIV/0! | BV22: =IFERROR(TRUNC(AVERAGE(BF22:BU22),2),"")*10/100 -> 0 | BW22: =BU22 -> #DIV/0! | BX22: =BW22*5/100 -> #DIV/0! | BY22: =ROUND(BZ22*100/15,2) -> 0 | BZ22: =IFERROR(TRUNC(SUM(BV22+BX22),2),"")
A23: 12 | C23: Espinoza Morante Melany Ginger | D23: 10 | E23: 10 | F23: 2 | O23: 7 | S23: =AVERAGE(D23:Q23) -> 7.25 | T23: =IFERROR(TRUNC(AVERAGE(D23:S23),2),"")*10/100 -> 0.725 | U23: =S23 -> 7.25 | V23: =U23*5/100 -> 0.3625 | W23: =ROUND(X23*100/15,2) -> 7.2 | X23: =IFERROR(TRUNC(SUM(T23+V23),2),"") -> 1.08 | AB23: 12 | AC23: =B23 | AD23: =C23 -> Espinoza Morante Melany Ginger | AF23: 10 | AI23: 10 | AK23: 10 | AM23: 10 | AO23: 10 | AT23: =AVERAGE(AE23:AS23) -> 10 | AU23: =IFERROR(TRUNC(AVERAGE(AE23:AT23),2),"")*10/100 -> 1 | AV23: =AT23 -> 10 | AW23: =AV23*5/100 -> 0.5 | AX23: =ROUND(AY23*100/15,2) -> 10 | AY23: =IFERROR(TRUNC(SUM(AU23+AW23),2),"") -> 1.5 | BC23: 12 | BD23: =B23 | BE23: =C23 -> Espinoza Morante Melany Ginger | BU23: =AVERAGE(BF23:BT23) -> #DIV/0! | BV23: =IFERROR(TRUNC(AVERAGE(BF23:BU23),2),"")*10/100 -> 0 | BW23: =BU23 -> #DIV/0! | BX23: =BW23*5/100 -> #DIV/0! | BY23: =ROUND(BZ23*100/15,2) -> 0 | BZ23: =IFERROR(TRUNC(SUM(BV23+BX23),2),"")
A24: 13 | C24: Garrido franco Génesis Lissette | D24: 10 | E24: 10 | F24: 9 | O24: 7 | S24: =AVERAGE(D24:Q24) -> 9 | T24: =IFERROR(TRUNC(AVERAGE(D24:S24),2),"")*10/100 -> 0.9 | U24: =S24 -> 9 | V24: =U24*5/100 -> 0.45 | W24: =ROUND(X24*100/15,2) -> 9 | X24: =IFERROR(TRUNC(SUM(T24+V24),2),"") -> 1.35 | AB24: 13 | AC24: =B24 | AD24: =C24 -> Garrido franco Génesis Lissette | AF24: 10 | AI24: 10 | AK24: 10 | AM24: 10 | AO24: 10 | AT24: =AVERAGE(AE24:AS24) -> 10 | AU24: =IFERROR(TRUNC(AVERAGE(AE24:AT24),2),"")*10/100 -> 1 | AV24: =AT24 -> 10 | AW24: =AV24*5/100 -> 0.5 | AX24: =ROUND(AY24*100/15,2) -> 10 | AY24: =IFERROR(TRUNC(SUM(AU24+AW24),2),"") -> 1.5 | BC24: 13 | BD24: =B24 | BE24: =C24 -> Garrido franco Génesis Lissette | BU24: =AVERAGE(BF24:BT24) -> #DIV/0! | BV24: =IFERROR(TRUNC(AVERAGE(BF24:BU24),2),"")*10/100 -> 0 | BW24: =BU24 -> #DIV/0! | BX24: =BW24*5/100 -> #DIV/0! | BY24: =ROUND(BZ24*100/15,2) -> 0 | BZ24: =IFERROR(TRUNC(SUM(BV24+BX24),2),"")
... A34: 23 | C34: Veliz chicaiza Alex isaac | D34: 7 | E34: 10 | F34: 7.5 | O34: 5 | S34: =AVERAGE(D34:Q34) -> 7.375 | T34: =IFERROR(TRUNC(AVERAGE(D34:S34),2),"")*10/100 -> 0.737 | U34: =S34 -> 7.375 | V34: =U34*5/100 -> 0.36875 | W34: =ROUND(X34*100/15,2) -> 7.33 | X34: =IFERROR(TRUNC(SUM(T34+V34),2),"") -> 1.1 | AB34: 23 | AC34: =B34 | AD34: =C34 -> Veliz chicaiza Alex isaac | AF34: 10 | AI34: 10 | AK34: 10 | AM34: 10 | AO34: 10 | AT34: =AVERAGE(AE34:AS34) -> 10 | AU34: =IFERROR(TRUNC(AVERAGE(AE34:AT34),2),"")*10/100 -> 1 | AV34: =AT34 -> 10 | AW34: =AV34*5/100 -> 0.5 | AX34: =ROUND(AY34*100/15,2) -> 10 | AY34: =IFERROR(TRUNC(SUM(AU34+AW34),2),"") -> 1.5 | BC34: 23 | BD34: =B34 | BE34: =C34 -> Veliz chicaiza Alex isaac | BU34: =AVERAGE(BF34:BT34) -> #DIV/0! | BV34: =IFERROR(TRUNC(AVERAGE(BF34:BU34),2),"")*10/100 -> 0 | BW34: =BU34 -> #DIV/0! | BX34: =BW34*5/100 -> #DIV/0! | BY34: =ROUND(BZ34*100/15,2) -> 0 | BZ34: =IFERROR(TRUNC(SUM(BV34+BX34),2),"")
A35: 24 | C35: Zambrano Zhicay Victor Humberto | D35: 10 | E35: 10 | F35: 9 | O35: 10 | S35: =AVERAGE(D35:Q35) -> 9.75 | T35: =IFERROR(TRUNC(AVERAGE(D35:S35),2),"")*10/100 -> 0.975 | U35: =S35 -> 9.75 | V35: =U35*5/100 -> 0.4875 | W35: =ROUND(X35*100/15,2) -> 9.73 | X35: =IFERROR(TRUNC(SUM(T35+V35),2),"") -> 1.46 | AB35: 24 | AC35: =B35 | AD35: =C35 -> Zambrano Zhicay Victor Humberto | AF35: 10 | AI35: 10 | AK35: 10 | AM35: 10 | AO35: 10 | AT35: =AVERAGE(AE35:AS35) -> 10 | AU35: =IFERROR(TRUNC(AVERAGE(AP35:AT35),2),"")*10/100 -> 1 | AV35: =AT35 -> 10 | AW35: =AV35*5/100 -> 0.5 | AX35: =ROUND(AY35*100/15,2) -> 10 | AY35: =IFERROR(TRUNC(SUM(AU35+AW35),2),"") -> 1.5 | BC35: 24 | BD35: =B35 | BE35: =C35 -> Zambrano Zhicay Victor Humberto | BU35: =AVERAGE(BF35:BT35) -> #DIV/0! | BV35: =IFERROR(TRUNC(AVERAGE(BF35:BU35),2),"")*10/100 -> 0 | BW35: =BU35 -> #DIV/0! | BX35: =BW35*5/100 -> #DIV/0! | BY35: =ROUND(BZ35*100/15,2) -> 0 | BZ35: =IFERROR(TRUNC(SUM(BV35+BX35),2),"")
A36: 25 | S36: =AVERAGE(D36:Q36) -> #DIV/0! | T36: =IFERROR(TRUNC(AVERAGE(D36:S36),2),"")*10/100 -> 0 | U36: =S36 -> #DIV/0! | V36: =U36*5/100 -> #DIV/0! | W36: =ROUND(X36*100/15,2) -> 0 | X36: =IFERROR(TRUNC(SUM(T36+V36),2),"") | AB36: 25 | AC36: =B36 | AD36: =C36 | AT36: =AVERAGE(AE36:AS36) -> #DIV/0! | AU36: =IFERROR(TRUNC(AVERAGE(AE36:AT36),2),"")*10/100 -> 0 | AV36: =AT36 -> #DIV/0! | AW36: =AV36*5/100 -> #DIV/0! | AX36: =ROUND(AY36*100/15,2) -> 0 | AY36: =IFERROR(TRUNC(SUM(AU36+AW36),2),"") | BC36: 25 | BD36: =B36 | BE36: =C36 | BU36: =AVERAGE(BF36:BT36) -> #DIV/0! | BV36: =IFERROR(TRUNC(AVERAGE(BF36:BU36),2),"")*10/100 -> 0 | BW36: =BU36 -> #DIV/0! | BX36: =BW36*5/100 -> #DIV/0! | BY36: =ROUND(BZ36*100/15,2) -> 0 | BZ36: =IFERROR(TRUNC(SUM(BV36+BX36),2),"")
A37: 26 | S37: =AVERAGE(D37:Q37) -> #DIV/0! | T37: =IFERROR(TRUNC(AVERAGE(D37:S37),2),"")*10/100 -> 0 | U37: =S37 -> #DIV/0! | V37: =U37*5/100 -> #DIV/0! | W37: =ROUND(X37*100/15,2) -> 0 | X37: =IFERROR(TRUNC(SUM(T37+V37),2),"") | AB37: 26 | AC37: =B37 | AD37: =C37 | AT37: =AVERAGE(AE37:AS37) -> #DIV/0! | AU37: =IFERROR(TRUNC(AVERAGE(AE37:AT37),2),"")*10/100 -> 0 | AV37: =AT37 -> #DIV/0! | AW37: =AV37*5/100 -> #DIV/0! | AX37: =ROUND(AY37*100/15,2) -> 0 | AY37: =IFERROR(TRUNC(SUM(AU37+AW37),2),"") | BC37: 26 | BD37: =B37 | BE37: =C37 | BU37: =AVERAGE(BF37:BT37) -> #DIV/0! | BV37: =IFERROR(TRUNC(AVERAGE(BF37:BU37),2),"")*10/100 -> 0 | BW37: =BU37 -> #DIV/0! | BX37: =BW37*5/100 -> #DIV/0! | BY37: =ROUND(BZ37*100/15,2) -> 0 | BZ37: =IFERROR(TRUNC(SUM(BV37+BX37),2),"")
A38: 27 | S38: =AVERAGE(D38:Q38) -> #DIV/0! | T38: =IFERROR(TRUNC(AVERAGE(D38:S38),2),"")*10/100 -> 0 | U38: =S38 -> #DIV/0! | V38: =U38*5/100 -> #DIV/0! | W38: =ROUND(X38*100/15,2) -> 0 | X38: =IFERROR(TRUNC(SUM(T38+V38),2),"") | AB38: 27 | AC38: =B38 | AD38: =C38 | AT38: =AVERAGE(AE38:AS38) -> #DIV/0! | AU38: =IFERROR(TRUNC(AVERAGE(AE38:AT38),2),"")*10/100 -> 0 | AV38: =AT38 -> #DIV/0! | AW38: =AV38*5/100 -> #DIV/0! | AX38: =ROUND(AY38*100/15,2) -> 0 | AY38: =IFERROR(TRUNC(SUM(AU38+AW38),2),"") | BC38: 27 | BD38: =B38 | BE38: =C38 | BU38: =AVERAGE(BF38:BT38) -> #DIV/0! | BV38: =IFERROR(TRUNC(AVERAGE(BF38:BU38),2),"")*10/100 -> 0 | BW38: =BU38 -> #DIV/0! | BX38: =BW38*5/100 -> #DIV/0! | BY38: =ROUND(BZ38*100/15,2) -> 0 | BZ38: =IFERROR(TRUNC(SUM(BV38+BX38),2),"")
A39: 28 | S39: =AVERAGE(D39:Q39) -> #DIV/0! | T39: =IFERROR(TRUNC(AVERAGE(D39:S39),2),"")*10/100 -> 0 | U39: =S39 -> #DIV/0! | V39: =U39*5/100 -> #DIV/0! | W39: =ROUND(X39*100/15,2) -> 0 | X39: =IFERROR(TRUNC(SUM(T39+V39),2),"") | AB39: 28 | AC39: =B39 | AD39: =C39 | AT39: =AVERAGE(AE39:AS39) -> #DIV/0! | AU39: =IFERROR(TRUNC(AVERAGE(AE39:AT39),2),"")*10/100 -> 0 | AV39: =AT39 -> #DIV/0! | AW39: =AV39*5/100 -> #DIV/0! | AX39: =ROUND(AY39*100/15,2) -> 0 | AY39: =IFERROR(TRUNC(SUM(AU39+AW39),2),"") | BC39: 28 | BD39: =B39 | BE39: =C39 | BU39: =AVERAGE(BF39:BT39) -> #DIV/0! | BV39: =IFERROR(TRUNC(AVERAGE(BF39:BU39),2),"")*10/100 -> 0 | BW39: =BU39 -> #DIV/0! | BX39: =BW39*5/100 -> #DIV/0! | BY39: =ROUND(BZ39*100/15,2) -> 0 | BZ39: =IFERROR(TRUNC(SUM(BV39+BX39),2),"")
A40: 29 | S40: =AVERAGE(D40:Q40) -> #DIV/0! | T40: =IFERROR(TRUNC(AVERAGE(D40:S40),2),"")*10/100 -> 0 | U40: =S40 -> #DIV/0! | V40: =U40*5/100 -> #DIV/0! | W40: =ROUND(X40*100/15,2) -> 0 | X40: =IFERROR(TRUNC(SUM(T40+V40),2),"") | AB40: 29 | AC40: =B40 | AD40: =C40 | AT40: =AVERAGE(AE40:AS40) -> #DIV/0! | AU40: =IFERROR(TRUNC(AVERAGE(AE40:AT40),2),"")*10/100 -> 0 | AV40: =AT40 -> #DIV/0! | AW40: =AV40*5/100 -> #DIV/0! | AX40: =ROUND(AY40*100/15,2) -> 0 | AY40: =IFERROR(TRUNC(SUM(AU40+AW40),2),"") | BC40: 29 | BD40: =B40 | BE40: =C40 | BU40: =AVERAGE(BF40:BT40) -> #DIV/0! | BV40: =IFERROR(TRUNC(AVERAGE(BF40:BU40),2),"")*10/100 -> 0 | BW40: =BU40 -> #DIV/0! | BX40: =BW40*5/100 -> #DIV/0! | BY40: =ROUND(BZ40*100/15,2) -> 0 | BZ40: =IFERROR(TRUNC(SUM(BV40+BX40),2),"")
A41: 30 | S41: =AVERAGE(D41:Q41) -> #DIV/0! | T41: =IFERROR(TRUNC(AVERAGE(D41:S41),2),"")*10/100 -> 0 | U41: =S41 -> #DIV/0! | V41: =U41*5/100 -> #DIV/0! | W41: =ROUND(X41*100/15,2) -> 0 | X41: =IFERROR(TRUNC(SUM(T41+V41),2),"") | AB41: 30 | AC41: =B41 | AD41: =C41 | AT41: =AVERAGE(AE41:AS41) -> #DIV/0! | AU41: =IFERROR(TRUNC(AVERAGE(AE41:AT41),2),"")*10/100 -> 0 | AV41: =AT41 -> #DIV/0! | AW41: =AV41*5/100 -> #DIV/0! | AX41: =ROUND(AY41*100/15,2) -> 0 | AY41: =IFERROR(TRUNC(SUM(AU41+AW41),2),"") | BC41: 30 | BD41: =B41 | BE41: =C41 | BU41: =AVERAGE(BF41:BT41) -> #DIV/0! | BV41: =IFERROR(TRUNC(AVERAGE(BF41:BU41),2),"")*10/100 -> 0 | BW41: =BU41 -> #DIV/0! | BX41: =BW41*5/100 -> #DIV/0! | BY41: =ROUND(BZ41*100/15,2) -> 0 | BZ41: =IFERROR(TRUNC(SUM(BV41+BX41),2),"")
A42: 31 | S42: =AVERAGE(D42:Q42) -> #DIV/0! | T42: =IFERROR(TRUNC(AVERAGE(D42:S42),2),"")*10/100 -> 0 | U42: =S42 -> #DIV/0! | V42: =U42*5/100 -> #DIV/0! | W42: =ROUND(X42*100/15,2) -> 0 | X42: =IFERROR(TRUNC(SUM(T42+V42),2),"") | AB42: 31 | AC42: =B42 | AD42: =C42 | AT42: =AVERAGE(AE42:AS42) -> #DIV/0! | AU42: =IFERROR(TRUNC(AVERAGE(AE42:AT42),2),"")*10/100 -> 0 | AV42: =AT42 -> #DIV/0! | AW42: =AV42*5/100 -> #DIV/0! | AX42: =ROUND(AY42*100/15,2) -> 0 | AY42: =IFERROR(TRUNC(SUM(AU42+AW42),2),"") | BC42: 31 | BD42: =B42 | BE42: =C42 | BU42: =AVERAGE(BF42:BT42) -> #DIV/0! | BV42: =IFERROR(TRUNC(AVERAGE(BF42:BU42),2),"")*10/100 -> 0 | BW42: =BU42 -> #DIV/0! | BX42: =BW42*5/100 -> #DIV/0! | BY42: =ROUND(BZ42*100/15,2) -> 0 | BZ42: =IFERROR(TRUNC(SUM(BV42+BX42),2),"")
A43: 32 | S43: =AVERAGE(D43:Q43) -> #DIV/0! | T43: =IFERROR(TRUNC(AVERAGE(D43:S43),2),"")*10/100 -> 0 | U43: =S43 -> #DIV/0! | V43: =U43*5/100 -> #DIV/0! | W43: =ROUND(X43*100/15,2) -> 0 | X43: =IFERROR(TRUNC(SUM(T43+V43),2),"") | AB43: 32 | AC43: =B43 | AD43: =C43 | AT43: =AVERAGE(AE43:AS43) -> #DIV/0! | AU43: =IFERROR(TRUNC(AVERAGE(AE43:AT43),2),"")*10/100 -> 0 | AV43: =AT43 -> #DIV/0! | AW43: =AV43*5/100 -> #DIV/0! | AX43: =ROUND(AY43*100/15,2) -> 0 | AY43: =IFERROR(TRUNC(SUM(AU43+AW43),2),"") | BC43: 32 | BD43: =B43 | BE43: =C43 | BU43: =AVERAGE(BF43:BT43) -> #DIV/0! | BV43: =IFERROR(TRUNC(AVERAGE(BF43:BU43),2),"")*10/100 -> 0 | BW43: =BU43 -> #DIV/0! | BX43: =BW43*5/100 -> #DIV/0! | BY43: =ROUND(BZ43*100/15,2) -> 0 | BZ43: =IFERROR(TRUNC(SUM(BV43+BX43),2),"")
A44: 33 | S44: =AVERAGE(D44:Q44) -> #DIV/0! | T44: =IFERROR(TRUNC(AVERAGE(D44:S44),2),"")*10/100 -> 0 | U44: =S44 -> #DIV/0! | V44: =U44*5/100 -> #DIV/0! | W44: =ROUND(X44*100/15,2) -> 0 | X44: =IFERROR(TRUNC(SUM(T44+V44),2),"") | AB44: 33 | AC44: =B44 | AD44: =C44 | AT44: =AVERAGE(AE44:AS44) -> #DIV/0! | AU44: =IFERROR(TRUNC(AVERAGE(AE44:AT44),2),"")*10/100 -> 0 | AV44: =AT44 -> #DIV/0! | AW44: =AV44*5/100 -> #DIV/0! | AX44: =ROUND(AY44*100/15,2) -> 0 | AY44: =IFERROR(TRUNC(SUM(AU44+AW44),2),"") | BC44: 33 | BD44: =B44 | BE44: =C44 | BU44: =AVERAGE(BF44:BT44) -> #DIV/0! | BV44: =IFERROR(TRUNC(AVERAGE(BF44:BU44),2),"")*10/100 -> 0 | BW44: =BU44 -> #DIV/0! | BX44: =BW44*5/100 -> #DIV/0! | BY44: =ROUND(BZ44*100/15,2) -> 0 | BZ44: =IFERROR(TRUNC(SUM(BV44+BX44),2),"")
A45: 34 | S45: =AVERAGE(D45:Q45) -> #DIV/0! | T45: =IFERROR(TRUNC(AVERAGE(D45:S45),2),"")*10/100 -> 0 | U45: =S45 -> #DIV/0! | V45: =U45*5/100 -> #DIV/0! | W45: =ROUND(X45*100/15,2) -> 0 | X45: =IFERROR(TRUNC(SUM(T45+V45),2),"") | AB45: 34 | AC45: =B45 | AD45: =C45 | AT45: =AVERAGE(AE45:AS45) -> #DIV/0! | AU45: =IFERROR(TRUNC(AVERAGE(AE45:AT45),2),"")*10/100 -> 0 | AV45: =AT45 -> #DIV/0! | AW45: =AV45*5/100 -> #DIV/0! | AX45: =ROUND(AY45*100/15,2) -> 0 | AY45: =IFERROR(TRUNC(SUM(AU45+AW45),2),"") | BC45: 34 | BD45: =B45 | BE45: =C45 | BU45: =AVERAGE(BF45:BT45) -> #DIV/0! | BV45: =IFERROR(TRUNC(AVERAGE(BF45:BU45),2),"")*10/100 -> 0 | BW45: =BU45 -> #DIV/0! | BX45: =BW45*5/100 -> #DIV/0! | BY45: =ROUND(BZ45*100/15,2) -> 0 | BZ45: =IFERROR(TRUNC(SUM(BV45+BX45),2),"")
A46: 35 | S46: =AVERAGE(D46:Q46) -> #DIV/0! | T46: =IFERROR(TRUNC(AVERAGE(D46:S46),2),"")*10/100 -> 0 | U46: =S46 -> #DIV/0! | V46: =U46*5/100 -> #DIV/0! | W46: =ROUND(X46*100/15,2) -> 0 | X46: =IFERROR(TRUNC(SUM(T46+V46),2),"") | AB46: 35 | AC46: =B46 | AD46: =C46 | AT46: =AVERAGE(AE46:AS46) -> #DIV/0! | AU46: =IFERROR(TRUNC(AVERAGE(AE46:AT46),2),"")*10/100 -> 0 | AV46: =AT46 -> #DIV/0! | AW46: =AV46*5/100 -> #DIV/0! | AX46: =ROUND(AY46*100/15,2) -> 0 | AY46: =IFERROR(TRUNC(SUM(AU46+AW46),2),"") | BC46: 35 | BD46: =B46 | BE46: =C46 | BU46: =AVERAGE(BF46:BT46) -> #DIV/0! | BV46: =IFERROR(TRUNC(AVERAGE(BF46:BU46),2),"")*10/100 -> 0 | BW46: =BU46 -> #DIV/0! | BX46: =BW46*5/100 -> #DIV/0! | BY46: =ROUND(BZ46*100/15,2) -> 0 | BZ46: =IFERROR(TRUNC(SUM(BV46+BX46),2),"")
A47: 36 | S47: =AVERAGE(D47:Q47) -> #DIV/0! | T47: =IFERROR(TRUNC(AVERAGE(D47:S47),2),"")*10/100 -> 0 | U47: =S47 -> #DIV/0! | V47: =U47*5/100 -> #DIV/0! | W47: =ROUND(X47*100/15,2) -> 0 | X47: =IFERROR(TRUNC(SUM(T47+V47),2),"") | AB47: 36 | AC47: =B47 | AD47: =C47 | AT47: =AVERAGE(AE47:AS47) -> #DIV/0! | AU47: =IFERROR(TRUNC(AVERAGE(AE47:AT47),2),"")*10/100 -> 0 | AV47: =AT47 -> #DIV/0! | AW47: =AV47*5/100 -> #DIV/0! | AX47: =ROUND(AY47*100/15,2) -> 0 | AY47: =IFERROR(TRUNC(SUM(AU47+AW47),2),"") | BC47: 36 | BD47: =B47 | BE47: =C47 | BU47: =AVERAGE(BF47:BT47) -> #DIV/0! | BV47: =IFERROR(TRUNC(AVERAGE(BF47:BU47),2),"")*10/100 -> 0 | BW47: =BU47 -> #DIV/0! | BX47: =BW47*5/100 -> #DIV/0! | BY47: =ROUND(BZ47*100/15,2) -> 0 | BZ47: =IFERROR(TRUNC(SUM(BV47+BX47),2),"")
... A50: 39 | S50: =AVERAGE(D50:Q50) -> #DIV/0! | T50: =IFERROR(TRUNC(AVERAGE(D50:S50),2),"")*10/100 -> 0 | U50: =S50 -> #DIV/0! | V50: =U50*5/100 -> #DIV/0! | W50: =ROUND(X50*100/15,2) -> 0 | X50: =IFERROR(TRUNC(SUM(T50+V50),2),"") | AB50: 39 | AC50: =B50 | AD50: =C50 | AT50: =AVERAGE(AE50:AS50) -> #DIV/0! | AU50: =IFERROR(TRUNC(AVERAGE(AE50:AT50),2),"")*10/100 -> 0 | AV50: =AT50 -> #DIV/0! | AW50: =AV50*5/100 -> #DIV/0! | AX50: =ROUND(AY50*100/15,2) -> 0 | AY50: =IFERROR(TRUNC(SUM(AU50+AW50),2),"") | BC50: 39 | BD50: =B50 | BE50: =C50 | BU50: =AVERAGE(BF50:BT50) -> #DIV/0! | BV50: =IFERROR(TRUNC(AVERAGE(BF50:BU50),2),"")*10/100 -> 0 | BW50: =BU50 -> #DIV/0! | BX50: =BW50*5/100 -> #DIV/0! | BY50: =ROUND(BZ50*100/15,2) -> 0 | BZ50: =IFERROR(TRUNC(SUM(BV50+BX50),2),"")
A51: 40 | S51: =AVERAGE(D51:Q51) -> #DIV/0! | T51: =IFERROR(TRUNC(AVERAGE(D51:S51),2),"")*10/100 -> 0 | U51: =S51 -> #DIV/0! | V51: =U51*5/100 -> #DIV/0! | W51: =ROUND(X51*100/15,2) -> 0 | X51: =IFERROR(TRUNC(SUM(T51+V51),2),"") | AB51: 40 | AC51: =B51 | AD51: =C51 | AT51: =AVERAGE(AE51:AS51) -> #DIV/0! | AU51: =IFERROR(TRUNC(AVERAGE(AE51:AT51),2),"")*10/100 -> 0 | AV51: =AT51 -> #DIV/0! | AW51: =AV51*5/100 -> #DIV/0! | AX51: =ROUND(AY51*100/15,2) -> 0 | AY51: =IFERROR(TRUNC(SUM(AU51+AW51),2),"") | BC51: 40 | BU51: =AVERAGE(BF51:BT51) -> #DIV/0! | BV51: =IFERROR(TRUNC(AVERAGE(BF51:BU51),2),"")*10/100 -> 0 | BW51: =BU51 -> #DIV/0! | BX51: =BW51*5/100 -> #DIV/0! | BY51: =ROUND(BZ51*100/15,2) -> 0 | BZ51: =IFERROR(TRUNC(SUM(BV51+BX51),2),"")
A52: 41 | S52: =AVERAGE(D52:Q52) -> #DIV/0! | T52: =IFERROR(TRUNC(AVERAGE(D52:S52),2),"")*10/100 -> 0 | U52: =S52 -> #DIV/0! | V52: =U52*5/100 -> #DIV/0! | W52: =ROUND(X52*100/15,2) -> 0 | X52: =IFERROR(TRUNC(SUM(T52+V52),2),"") | AB52: 41 | AC52: =B52 | AD52: =C52 | AT52: =AVERAGE(AE52:AS52) -> #DIV/0! | AU52: =IFERROR(TRUNC(AVERAGE(AE52:AT52),2),"")*10/100 -> 0 | AV52: =AT52 -> #DIV/0! | AW52: =AV52*5/100 -> #DIV/0! | AX52: =ROUND(AY52*100/15,2) -> 0 | AY52: =IFERROR(TRUNC(SUM(AU52+AW52),2),"") | BC52: 41 | BU52: =AVERAGE(BF52:BT52) -> #DIV/0! | BV52: =IFERROR(TRUNC(AVERAGE(BF52:BU52),2),"")*10/100 -> 0 | BW52: =BU52 -> #DIV/0! | BX52: =BW52*5/100 -> #DIV/0! | BY52: =ROUND(BZ52*100/15,2) -> 0 | BZ52: =IFERROR(TRUNC(SUM(BV52+BX52),2),"")
A53: 42 | S53: =AVERAGE(D53:Q53) -> #DIV/0! | T53: =IFERROR(TRUNC(AVERAGE(D53:S53),2),"")*10/100 -> 0 | U53: =S53 -> #DIV/0! | V53: =U53*5/100 -> #DIV/0! | W53: =ROUND(X53*100/15,2) -> 0 | X53: =IFERROR(TRUNC(SUM(T53+V53),2),"") | AB53: 42 | AC53: =B53 | AD53: =C53 | AT53: =AVERAGE(AE53:AS53) -> #DIV/0! | AU53: =IFERROR(TRUNC(AVERAGE(AE53:AT53),2),"")*10/100 -> 0 | AV53: =AT53 -> #DIV/0! | AW53: =AV53*5/100 -> #DIV/0! | AX53: =ROUND(AY53*100/15,2) -> 0 | AY53: =IFERROR(TRUNC(SUM(AU53+AW53),2),"") | BC53: 42 | BU53: =AVERAGE(BF53:BT53) -> #DIV/0! | BV53: =IFERROR(TRUNC(AVERAGE(BF53:BU53),2),"")*10/100 -> 0 | BW53: =BU53 -> #DIV/0! | BX53: =BW53*5/100 -> #DIV/0! | BY53: =ROUND(BZ53*100/15,2) -> 0 | BZ53: =IFERROR(TRUNC(SUM(BV53+BX53),2),"")
A54: 43 | S54: =AVERAGE(D54:Q54) -> #DIV/0! | T54: =IFERROR(TRUNC(AVERAGE(D54:S54),2),"")*10/100 -> 0 | U54: =S54 -> #DIV/0! | V54: =U54*5/100 -> #DIV/0! | W54: =ROUND(X54*100/15,2) -> 0 | X54: =IFERROR(TRUNC(SUM(T54+V54),2),"") | AB54: 43 | AC54: =B54 | AD54: =C54 | AT54: =AVERAGE(AE54:AS54) -> #DIV/0! | AU54: =IFERROR(TRUNC(AVERAGE(AE54:AT54),2),"")*10/100 -> 0 | AV54: =AT54 -> #DIV/0! | AW54: =AV54*5/100 -> #DIV/0! | AX54: =ROUND(AY54*100/15,2) -> 0 | AY54: =IFERROR(TRUNC(SUM(AU54+AW54),2),"") | BC54: 43 | BU54: =AVERAGE(BF54:BT54) -> #DIV/0! | BV54: =IFERROR(TRUNC(AVERAGE(BF54:BU54),2),"")*10/100 -> 0 | BW54: =BU54 -> #DIV/0! | BX54: =BW54*5/100 -> #DIV/0! | BY54: =ROUND(BZ54*100/15,2) -> 0 | BZ54: =IFERROR(TRUNC(SUM(BV54+BX54),2),"")
A55: 44 | S55: =AVERAGE(D55:Q55) -> #DIV/0! | T55: =IFERROR(TRUNC(AVERAGE(D55:S55),2),"")*10/100 -> 0 | U55: =S55 -> #DIV/0! | V55: =U55*5/100 -> #DIV/0! | W55: =ROUND(X55*100/15,2) -> 0 | X55: =IFERROR(TRUNC(SUM(T55+V55),2),"") | AB55: 44 | AC55: =B55 | AD55: =C55 | AT55: =AVERAGE(AE55:AS55) -> #DIV/0! | AU55: =IFERROR(TRUNC(AVERAGE(AE55:AT55),2),"")*10/100 -> 0 | AV55: =AT55 -> #DIV/0! | AW55: =AV55*5/100 -> #DIV/0! | AX55: =ROUND(AY55*100/15,2) -> 0 | AY55: =IFERROR(TRUNC(SUM(AU55+AW55),2),"") | BC55: 44 | BU55: =AVERAGE(BF55:BT55) -> #DIV/0! | BV55: =IFERROR(TRUNC(AVERAGE(BF55:BU55),2),"")*10/100 -> 0 | BW55: =BU55 -> #DIV/0! | BX55: =BW55*5/100 -> #DIV/0! | BY55: =ROUND(BZ55*100/15,2) -> 0 | BZ55: =IFERROR(TRUNC(SUM(BV55+BX55),2),"")
A56: 45 | S56: =AVERAGE(D56:Q56) -> #DIV/0! | T56: =IFERROR(TRUNC(AVERAGE(D56:S56),2),"")*10/100 -> 0 | U56: =S56 -> #DIV/0! | V56: =U56*5/100 -> #DIV/0! | W56: =ROUND(X56*100/15,2) -> 0 | X56: =IFERROR(TRUNC(SUM(T56+V56),2),"") | AB56: 45 | AC56: =B56 | AD56: =C56 | AT56: =AVERAGE(AE56:AS56) -> #DIV/0! | AU56: =IFERROR(TRUNC(AVERAGE(AE56:AT56),2),"")*10/100 -> 0 | AV56: =AT56 -> #DIV/0! | AW56: =AV56*5/100 -> #DIV/0! | AX56: =ROUND(AY56*100/15,2) -> 0 | AY56: =IFERROR(TRUNC(SUM(AU56+AW56),2),"") | BC56: 45 | BD56: =B56 | BE56: =C56 | BU56: =AVERAGE(BF56:BT56) -> #DIV/0! | BV56: =IFERROR(TRUNC(AVERAGE(BF56:BU56),2),"")*10/100 -> 0 | BW56: =BU56 -> #DIV/0! | BX56: =BW56*5/100 -> #DIV/0! | BY56: =ROUND(BZ56*100/15,2) -> 0 | BZ56: =IFERROR(TRUNC(SUM(BV56+BX56),2),"")
A57: 46 | S57: =AVERAGE(D57:Q57) -> #DIV/0! | T57: =IFERROR(TRUNC(AVERAGE(D57:S57),2),"")*10/100 -> 0 | U57: =S57 -> #DIV/0! | V57: =U57*5/100 -> #DIV/0! | W57: =ROUND(X57*100/15,2) -> 0 | X57: =IFERROR(TRUNC(SUM(T57+V57),2),"") | AB57: 46 | AC57: =B57 | AD57: =C57 | AT57: =AVERAGE(AE57:AS57) -> #DIV/0! | AU57: =IFERROR(TRUNC(AVERAGE(AE57:AT57),2),"")*10/100 -> 0 | AV57: =AT57 -> #DIV/0! | AW57: =AV57*5/100 -> #DIV/0! | AX57: =ROUND(AY57*100/15,2) -> 0 | AY57: =IFERROR(TRUNC(SUM(AU57+AW57),2),"") | BC57: 46 | BD57: =B57 | BE57: =C57 | BU57: =AVERAGE(BF57:BT57) -> #DIV/0! | BV57: =IFERROR(TRUNC(AVERAGE(BF57:BU57),2),"")*10/100 -> 0 | BW57: =BU57 -> #DIV/0! | BX57: =BW57*5/100 -> #DIV/0! | BY57: =ROUND(BZ57*100/15,2) -> 0 | BZ57: =IFERROR(TRUNC(SUM(BV57+BX57),2),"")
A58: 47 | S58: =AVERAGE(D58:Q58) -> #DIV/0! | T58: =IFERROR(TRUNC(AVERAGE(D58:S58),2),"")*10/100 -> 0 | U58: =S58 -> #DIV/0! | V58: =U58*5/100 -> #DIV/0! | W58: =ROUND(X58*100/15,2) -> 0 | X58: =IFERROR(TRUNC(SUM(T58+V58),2),"") | AB58: 47 | AC58: =B58 | AD58: =C58 | AT58: =AVERAGE(AE58:AS58) -> #DIV/0! | AU58: =IFERROR(TRUNC(AVERAGE(AE58:AT58),2),"")*10/100 -> 0 | AV58: =AT58 -> #DIV/0! | AW58: =AV58*5/100 -> #DIV/0! | AX58: =ROUND(AY58*100/15,2) -> 0 | AY58: =IFERROR(TRUNC(SUM(AU58+AW58),2),"") | BC58: 47 | BD58: =B58 | BE58: =C58 | BU58: =AVERAGE(BF58:BT58) -> #DIV/0! | BV58: =IFERROR(TRUNC(AVERAGE(BF58:BU58),2),"")*10/100 -> 0 | BW58: =BU58 -> #DIV/0! | BX58: =BW58*5/100 -> #DIV/0! | BY58: =ROUND(BZ58*100/15,2) -> 0 | BZ58: =IFERROR(TRUNC(SUM(BV58+BX58),2),"")
A59: 48 | S59: =AVERAGE(D59:Q59) -> #DIV/0! | T59: =IFERROR(TRUNC(AVERAGE(D59:S59),2),"")*10/100 -> 0 | U59: =S59 -> #DIV/0! | V59: =U59*5/100 -> #DIV/0! | W59: =ROUND(X59*100/15,2) -> 0 | X59: =IFERROR(TRUNC(SUM(T59+V59),2),"") | AB59: 48 | AC59: =B59 | AD59: =C59 | AT59: =AVERAGE(AE59:AS59) -> #DIV/0! | AU59: =IFERROR(TRUNC(AVERAGE(AE59:AT59),2),"")*10/100 -> 0 | AV59: =AT59 -> #DIV/0! | AW59: =AV59*5/100 -> #DIV/0! | AX59: =ROUND(AY59*100/15,2) -> 0 | AY59: =IFERROR(TRUNC(SUM(AU59+AW59),2),"") | BC59: 48 | BU59: =AVERAGE(BF59:BT59) -> #DIV/0! | BV59: =IFERROR(TRUNC(AVERAGE(BF59:BU59),2),"")*10/100 -> 0 | BW59: =BU59 -> #DIV/0! | BX59: =BW59*5/100 -> #DIV/0! | BY59: =ROUND(BZ59*100/15,2) -> 0 | BZ59: =IFERROR(TRUNC(SUM(BV59+BX59),2),"")
A60: 49 | S60: =AVERAGE(D60:Q60) -> #DIV/0! | T60: =IFERROR(TRUNC(AVERAGE(D60:S60),2),"")*10/100 -> 0 | U60: =S60 -> #DIV/0! | V60: =U60*5/100 -> #DIV/0! | W60: =ROUND(X60*100/15,2) -> 0 | X60: =IFERROR(TRUNC(SUM(T60+V60),2),"") | AB60: 49 | AC60: =B60 | AD60: =C60 | AT60: =AVERAGE(AE60:AS60) -> #DIV/0! | AU60: =IFERROR(TRUNC(AVERAGE(AE60:AT60),2),"")*10/100 -> 0 | AV60: =AT60 -> #DIV/0! | AW60: =AV60*5/100 -> #DIV/0! | AX60: =ROUND(AY60*100/15,2) -> 0 | AY60: =IFERROR(TRUNC(SUM(AU60+AW60),2),"") | BC60: 49 | BD60: =B60 | BE60: =C60 | BU60: =AVERAGE(BF60:BT60) -> #DIV/0! | BV60: =IFERROR(TRUNC(AVERAGE(BF60:BU60),2),"")*10/100 -> 0 | BW60: =BU60 -> #DIV/0! | BX60: =BW60*5/100 -> #DIV/0! | BY60: =ROUND(BZ60*100/15,2) -> 0 | BZ60: =IFERROR(TRUNC(SUM(BV60+BX60),2),"")
A61: 50 | S61: =AVERAGE(D61:Q61) -> #DIV/0! | T61: =IFERROR(TRUNC(AVERAGE(D61:S61),2),"")*10/100 -> 0 | U61: =S61 -> #DIV/0! | V61: =U61*5/100 -> #DIV/0! | W61: =ROUND(X61*100/15,2) -> 0 | X61: =IFERROR(TRUNC(SUM(T61+V61),2),"") | AB61: 50 | AC61: =B61 | AD61: =C61 | AT61: =AVERAGE(AE61:AS61) -> #DIV/0! | AU61: =IFERROR(TRUNC(AVERAGE(AE61:AT61),2),"")*10/100 -> 0 | AV61: =AT61 -> #DIV/0! | AW61: =AV61*5/100 -> #DIV/0! | AX61: =ROUND(AY61*100/15,2) -> 0 | AY61: =IFERROR(TRUNC(SUM(AU61+AW61),2),"") | BC61: 50 | BD61: =B61 | BE61: =C61 | BU61: =AVERAGE(BF61:BT61) -> #DIV/0! | BV61: =IFERROR(TRUNC(AVERAGE(BF61:BU61),2),"")*10/100 -> 0 | BW61: =BU61 -> #DIV/0! | BX61: =BW61*5/100 -> #DIV/0! | BY61: =ROUND(BZ61*100/15,2) -> 0 | BZ61: =IFERROR(TRUNC(SUM(BV61+BX61),2),"")

Sheet LEN
A2: INSTITUCIÓN: | C2: UNIDAD EDUCATIVA EMILIO ISAÍAS ABIHANNA | AE2: INSTITUCIÓN: | AG2: =C2 -> UNIDAD EDUCATIVA EMILIO ISAÍAS ABIHANNA | BI2: INSTITUCIÓN: | BK2: =AG2 -> UNIDAD EDUCATIVA EMILIO ISAÍAS ABIHANNA | CM2: INSTITUCIÓN: | CO2: =BK2 -> UNIDAD EDUCATIVA EMILIO ISAÍAS ABIHANNA | CX2: INSTITUCIÓN: | CZ2: =CO2 -> UNIDAD EDUCATIVA EMILIO ISAÍAS ABIHANNA
A3: DOCENTE: | C3: LIC. XIMENA NAULA YUQUILEMA, MAG. | AE3: DOCENTE: | AG3: =C3 -> LIC. XIMENA NAULA YUQUILEMA, MAG. | BI3: DOCENTE: | BK3: =C3 -> LIC. XIMENA NAULA YUQUILEMA, MAG. | CM3: DOCENTE: | CO3: =C3 -> LIC. XIMENA NAULA YUQUILEMA, MAG. | CX3: DOCENTE: | CZ3: =C3 -> LIC. XIMENA NAULA YUQUILEMA, MAG.
A4: GRADO: | C4: 1ER. AÑO DE BACHILLERATO TECNICO | D4: PARALELO: | G4: B | AE4: GRADO: | AG4: =C4 -> 1ER. AÑO DE BACHILLERATO TECNICO | AH4: PARALELO: | AK4: =G4 -> B | BI4: GRADO: | BK4: =C4 -> 1ER. AÑO DE BACHILLERATO TECNICO | BL4: PARALELO: | BO4: =G4 -> B | CM4: GRADO: | CO4: =C4 -> 1ER. AÑO DE BACHILLERATO TECNICO | CP4: PARALELO: | CR4: =G4 -> B | CX4: GRADO: | CZ4: =C4 -> 1ER. AÑO DE BACHILLERATO TECNICO | DA4: PARALELO: | DD4: =G4 -> B
A6: PRIMER TRIMESTRE | AE6: SEGUNDO TRIMESTRE | BI6: TERCER TRIMESTRE | CM6: CALIFICACIONES TRIMESTRALES | CX6: SUPLETORIO
A7: MATERIA: LENGUAJE | AE7: =A7 -> MATERIA: LENGUAJE | BI7: =A7 -> MATERIA: LENGUAJE | CM7: =A7 -> MATERIA: LENGUAJE | CX7: =A7 -> MATERIA: LENGUAJE
A8: ESTUDIANTES | D8: EVALUACIÓN FORMATIVA | T8: REFUERZO PEDAGÓGICO | V8: TOTAL 70% | W8: EXAMEN DEL PRIMER TRIMESTRE | X8: PROYECTO INTERDISCIPLINARIO | Y8: EVALUACIÓN SUMATIVA (PROMEDIO DE EXAMEN+PROYECTO INTERDISCIPLINARIO) | Z8: 0.3 | AA8: TOTAL TRIMESTRE (100%) | AE8: ESTUDIANTES | AH8: EVALUACIÓN FORMATIVA | AX8: REFUERZO PEDAGÓGICO | AZ8: TOTAL 70% | BA8: EXAMEN DEL PRIMER TRIMESTRE | BB8: PROYECTO INTERDISCIPLINARIO | BC8: EVALUACIÓN SUMATIVA (PROMEDIO DE EXAMEN+PROYECTO INTERDISCIPLINARIO) | BD8: 0.3 | BE8: TOTAL TRIMESTRE (100%) | BI8: ESTUDIANTES | BL8: EVALUACIÓN FORMATIVA | CB8: REFUERZO PEDAGÓGICO | CD8: TOTAL 70% | CE8: EXAMEN DEL PRIMER TRIMESTRE | CF8: PROYECTO INTERDISCIPLINARIO | CG8: EVALUACIÓN SUMATIVA (PROMEDIO DE EXAMEN+PROYECTO INTERDISCIPLINARIO) | CH8: 0.3 | CI8: TOTAL TRIMESTRE (100%)
D9: APORTES DISCIPLINARES O INTERDISCIPLINARES INDIVIDUALES | L9: APORTES DISCIPLINARES O INTERDISCIPLINARES GRUPALES | AH9: APORTES DISCIPLINARES O INTERDISCIPLINARES INDIVIDUALES | AP9: APORTES DISCIPLINARES O INTERDISCIPLINARES GRUPALES | BL9: APORTES DISCIPLINARES O INTERDISCIPLINARES INDIVIDUALES | BT9: APORTES DISCIPLINARES O INTERDISCIPLINARES GRUPALES | CP9: =LEN!CM10 -> ESTUDIANTES
D10: Lecciones | F10: Pruebas | H10: Tareas | J10: Proyectos | L10: Proyectos | N10: Exposiciones | P10: Talleres | R10: Productos | AH10: Lecciones | AJ10: Pruebas | AL10: Tareas | AN10: Proyectos | AP10: Proyectos | AR10: Exposiciones | AT10: Talleres | AV10: Productos | BL10: Lecciones | BN10: Pruebas | BP10: Tareas | BR10: Proyectos | BT10: Proyectos | BV10: Exposiciones | BX10: Talleres | BZ10: Productos | CM10: ESTUDIANTES | CP10: TRIMESTRES | CS10: NOTA FINAL (100%) | CT10: OBSERVACIÓN | CZ10: ESTUDIANTES | DA10: CUANTIFICACION DE NOTA FINAL /ANUAL
A11: Nº | B11: CÉDULA | C11: APELLIDOS/NOMBRES | D11: INSUMO 1 | E11: INSUMO 2 | F11: INSUMO 1 | G11: INSUMO 2 | H11: INSUMO 1 | I11: INSUMO 2 | J11: INSUMO 1 | K11: INSUMO 2 | L11: INSUMO 1 | M11: INSUMO 2 | N11: INSUMO 1 | O11: INSUMO 2 | P11: INSUMO 1 | Q11: INSUMO 2 | R11: INSUMO 1 | S11: INSUMO 2 | AE11: Nº | AF11: CÉDULA | AG11: APELLIDOS/NOMBRES | AH11: INSUMO 1 | AI11: INSUMO 2 | AJ11: INSUMO 1 | AK11: INSUMO 2 | AL11: INSUMO 1 | AM11: INSUMO 2 | AN11: INSUMO 1 | AO11: INSUMO 2 | AP11: INSUMO 1 | AQ11: INSUMO 2 | AR11: INSUMO 1 | AS11: INSUMO 2 | AT11: INSUMO 1 | AU11: INSUMO 2 | AV11: INSUMO 1 | AW11: INSUMO 2 | BI11: Nº | BJ11: CÉDULA | BK11: APELLIDOS/NOMBRES | BL11: INSUMO 1 | BM11: INSUMO 2 | BN11: INSUMO 1 | BO11: INSUMO 2 | BP11: INSUMO 1 | BQ11: INSUMO 2 | BR11: INSUMO 1 | BS11: INSUMO 2 | BT11: INSUMO 1 | BU11: INSUMO 2 | BV11: INSUMO 1 | BW11: INSUMO 2 | BX11: INSUMO 1 | BY11: INSUMO 2 | BZ11: INSUMO 1 | CA11: INSUMO 2 | CM11: Nº | CN11: CÉDULA | CO11: APELLIDOS/NOMBRES | CP11: 1er | CQ11: 2do | CR11: 3er | CX11: Nº | CY11: CÉDULA | CZ11: APELLIDOS/NOMBRES | DA11: CALF. FINAL | DB11: EXA. SUPLET | DC11: FINAL ANUAL | DD11: OBSERVACIÓN
A12: 1 | B12: ='PROY. INTER'!B12 | C12: ='PROY. INTER'!C12 -> Almeida Alvarado Ariana Guisela | D12: 10 | H12: 10 | N12: 7 | P12: 9 | V12: =IFERROR(TRUNC(AVERAGE(D12:U12),2),"")*70/100 -> 6.3 | W12: 10 | X12: ='PROY. INTER'!W12 -> 10 | Y12: =AVERAGE(W12:X12) -> 10 | Z12: =Y12*30/100 -> 3 | AA12: =IFERROR(TRUNC(SUM(V12+Z12),2),"") -> 9.3 | AE12: 1 | AF12: =B12 | AG12: =C12 -> Almeida Alvarado Ariana Guisela | AH12: 10 | AL12: 9.5 | AR12: 10 | AT12: 10 | AZ12: =IFERROR(TRUNC(AVERAGE(AH12:AY12),2),"")*70/100 -> 6.909 | BA12: 9 | BB12: ='PROY. INTER'!AX12 -> 10 | BC12: =AVERAGE(BA12:BB12) -> 9.5 | BD12: =BC12*30/100 -> 2.85 | BE12: =IFERROR(TRUNC(SUM(AZ12+BD12),2),"") -> 9.75 | BI12: 1 | BJ12: =B12 | BK12: =C12 -> Almeida Alvarado Ariana Guisela | CD12: =IFERROR(TRUNC(AVERAGE(BL12:CC12),2),"")*70/100 -> 0 | CF12: ='PROY. INTER'!BY12 -> 0 | CG12: =AVERAGE(CE12:CF12) -> 0 | CH12: =CG12*30/100 -> 0 | CI12: =IFERROR(TRUNC(SUM(CD12+CH12),2),"") -> 0 | CM12: 1 | CN12: =B12 | CO12: =C12 -> Almeida Alvarado Ariana Guisela | CP12: =AA12 -> 9.3 | CQ12: =BE12 -> 9.75 | CR12: =CI12 -> 0 | CS12: =IFERROR(TRUNC(AVERAGE(CP12:CR12),2),"")*100/100 -> 6.35 | CT12: =IF(CS12="","",IF(CS12>=7,"APROBADO",IF(AND(CS12<=6.99,CS12>=5),"SUPLETORIO","REPROBADO"))) -> SUPLETORIO | CX12: 1 | CY12: =B12 | CZ12: =C12 -> Almeida Alvarado Ariana Guisela | DA12: =CS12 -> 6.35 | DC12: =IF(DA12>=7,DA12,IF(DA12="","",IF(DB12="",AVERAGE(DA12:DB12),IF(AND(DA12<4.01,DB12<>""),DA12,IF(DB12<7,DA12,7))))) -> 6.35 | DD12: =IF(AND(DA12>=7,DB12<>""),"DEJE EN BLANCO EL CASILLERO SUPLETORIO",IF(DA12="","",IF(AND(DA12<5,DB12<>""),"NO PUEDE RENDIR SUPLETORIO;REPRUEBA EL GRADO",IF(DC12<7,"NO PROMOVIDO","PROMOVIDO")))) -> NO PROMOVIDO
A13: 2 | B13: ='PROY. INTER'!B13 | C13: ='PROY. INTER'!C13 -> Alvarado Vargas Dacmar Alejandra | D13: 10 | H13: 10 | N13: 7 | P13: 9 | V13: =IFERROR(TRUNC(AVERAGE(D13:U13),2),"")*70/100 -> 6.3 | W13: 10 | X13: ='PROY. INTER'!W13 -> 10 | Y13: =AVERAGE(W13:X13) -> 10 | Z13: =Y13*30/100 -> 3 | AA13: =IFERROR(TRUNC(SUM(V13+Z13),2),"") -> 9.3 | AE13: 2 | AF13: =B13 | AG13: =C13 -> Alvarado Vargas Dacmar Alejandra | AH13: 9.5 | AL13: 9.5 | AR13: 9 | AT13: 10 | AZ13: =IFERROR(TRUNC(AVERAGE(AH13:AY13),2),"")*70/100 -> 6.65 | BA13: 8 | BB13: ='PROY. INTER'!AX13 -> 10 | BC13: =AVERAGE(BA13:BB13) -> 9 | BD13: =BC13*30/100 -> 2.7 | BE13: =IFERROR(TRUNC(SUM(AZ13+BD13),2),"") -> 9.35 | BI13: 2 | BJ13: =B13 | BK13: =C13 -> Alvarado Vargas Dacmar Alejandra | CD13: =IFERROR(TRUNC(AVERAGE(BL13:CC13),2),"")*70/100 -> 0 | CF13: ='PROY. INTER'!BY13 -> 0 | CG13: =AVERAGE(CE13:CF13) -> 0 | CH13: =CG13*30/100 -> 0 | CI13: =IFERROR(TRUNC(SUM(CD13+CH13),2),"") -> 0 | CM13: 2 | CN13: =B13 | CO13: =C13 -> Alvarado Vargas Dacmar Alejandra | CP13: =AA13 -> 9.3 | CQ13: =BE13 -> 9.35 | CR13: =CI13 -> 0 | CS13: =IFERROR(TRUNC(AVERAGE(CP13:CR13),2),"")*100/100 -> 6.21 | CT13: =IF(CS13="","",IF(CS13>=7,"APROBADO",IF(AND(CS13<=6.99,CS13>=5),"SUPLETORIO","REPROBADO"))) -> SUPLETORIO | CX13: 2 | CY13: =B13 | CZ13: =C13 -> Alvarado Vargas Dacmar Alejandra | DA13: =CS13 -> 6.21 | DC13: =IF(DA13>=7,DA13,IF(DA13="","",IF(DB13="",AVERAGE(DA13:DB13),IF(AND(DA13<4.01,DB13<>""),DA13,IF(DB13<7,DA13,7))))) -> 6.21 | DD13: =IF(AND(DA13>=7,DB13<>""),"DEJE EN BLANCO EL CASILLERO SUPLETORIO",IF(DA13="","",IF(AND(DA13<5,DB13<>""),"NO PUEDE RENDIR SUPLETORIO;REPRUEBA EL GRADO",IF(DC13<7,"NO PROMOVIDO","PROMOVIDO")))) -> NO PROMOVIDO
A14: 3 | B14: ='PROY. INTER'!B14 | C14: ='PROY. INTER'!C14 -> Ampuero Cornejo Cesar Jeanpierre | D14: 7 | H14: 8 | N14: 8 | P14: 9 | V14: =IFERROR(TRUNC(AVERAGE(D14:U14),2),"")*70/100 -> 5.6 | W14: 10 | X14: ='PROY. INTER'!W14 -> 8.2 | Y14: =AVERAGE(W14:X14) -> 9.1 | Z14: =Y14*30/100 -> 2.73 | AA14: =IFERROR(TRUNC(SUM(V14+Z14),2),"") -> 8.33 | AE14: 3 | AF14: =B14 | AG14: =C14 -> Ampuero Cornejo Cesar Jeanpierre | AH14: 8 | AL14: 9 | AR14: 8 | AT14: 7 | AZ14: =IFERROR(TRUNC(AVERAGE(AH14:AY14),2),"")*70/100 -> 5.6 | BA14: 7 | BB14: ='PROY. INTER'!AX14 -> 10 | BC14: =AVERAGE(BA14:BB14) -> 8.5 | BD14: =BC14*30/100 -> 2.55 | BE14: =IFERROR(TRUNC(SUM(AZ14+BD14),2),"") -> 8.15 | BI14: 3 | BJ14: =B14 | BK14: =C14 -> Ampuero Cornejo Cesar Jeanpierre | CD14: =IFERROR(TRUNC(AVERAGE(BL14:CC14),2),"")*70/100 -> 0 | CF14: ='PROY. INTER'!BY14 -> 0 | CG14: =AVERAGE(CE14:CF14) -> 0 | CH14: =CG14*30/100 -> 0 | CI14: =IFERROR(TRUNC(SUM(CD14+CH14),2),"") -> 0 | CM14: 3 | CN14: =B14 | CO14: =C14 -> Ampuero Cornejo Cesar Jeanpierre | CP14: =AA14 -> 8.33 | CQ14: =BE14 -> 8.15 | CR14: =CI14 -> 0 | CS14: =IFERROR(TRUNC(AVERAGE(CP14:CR14),2),"")*100/100 -> 5.49 | CT14: =IF(CS14="","",IF(CS14>=7,"APROBADO",IF(AND(CS14<=6.99,CS14>=5),"SUPLETORIO","REPROBADO"))) -> SUPLETORIO | CX14: 3 | CY14: =B14 | CZ14: =C14 -> Ampuero Cornejo Cesar Jeanpierre | DA14: =CS14 -> 5.49 | DC14: =IF(DA14>=7,DA14,IF(DA14="","",IF(DB14="",AVERAGE(DA14:DB14),IF(AND(DA14<4.01,DB14<>""),DA14,IF(DB14<7,DA14,7))))) -> 5.49 | DD14: =IF(AND(DA14>=7,DB14<>""),"DEJE EN BLANCO EL CASILLERO SUPLETORIO",IF(DA14="","",IF(AND(DA14<5,DB14<>""),"NO PUEDE RENDIR SUPLETORIO;REPRUEBA EL GRADO",IF(DC14<7,"NO PROMOVIDO","PROMOVIDO")))) -> NO PROMOVIDO
A15: 4 | B15: ='PROY. INTER'!B15 | C15: ='PROY. INTER'!C15 -> Aylla Murillo Kerly Kristhel | D15: 7 | H15: 7 | N15: 7 | P15: 7 | V15: =IFERROR(TRUNC(AVERAGE(D15:U15),2),"")*70/100 -> 4.9 | W15: 10 | X15: ='PROY. INTER'!W15 -> 6.73 | Y15: =AVERAGE(W15:X15) -> 8.365 | Z15: =Y15*30/100 -> 2.5095 | AA15: =IFERROR(TRUNC(SUM(V15+Z15),2),"") -> 7.4 | AE15: 4 | AF15: =B15 | AG15: =C15 -> Aylla Murillo Kerly Kristhel | AH15: 9 | AL15: 9.5 | AR15: 8 | AT15: 10 | AZ15: =IFERROR(TRUNC(AVERAGE(AH15:AY15),2),"")*70/100 -> 6.384 | BA15: 7 | BB15: ='PROY. INTER'!AX15 -> 10 | BC15: =AVERAGE(BA15:BB15) -> 8.5 | BD15: =BC15*30/100 -> 2.55 | BE15: =IFERROR(TRUNC(SUM(AZ15+BD15),2),"") -> 8.93 | BI15: 4 | BJ15: =B15 | BK15: =C15 -> Aylla Murillo Kerly Kristhel | CD15: =IFERROR(TRUNC(AVERAGE(BL15:CC15),2),"")*70/100 -> 0 | CF15: ='PROY. INTER'!BY15 -> 0 | CG15: =AVERAGE(CE15:CF15) -> 0 | CH15: =CG15*30/100 -> 0 | CI15: =IFERROR(TRUNC(SUM(CD15+CH15),2),"") -> 0 | CM15: 4 | CN15: =B15 | CO15: =C15 -> Aylla Murillo Kerly Kristhel | CP15: =AA15 -> 7.4 | CQ15: =BE15 -> 8.93 | CR15: =CI15 -> 0 | CS15: =IFERROR(TRUNC(AVERAGE(CP15:CR15),2),"")*100/100 -> 5.44 | CT15: =IF(CS15="","",IF(CS15>=7,"APROBADO",IF(AND(CS15<=6.99,CS15>=5),"SUPLETORIO","REPROBADO"))) -> SUPLETORIO | CX15: 4 | CY15: =B15 | CZ15: =C15 -> Aylla Murillo Kerly Kristhel | DA15: =CS15 -> 5.44 | DC15: =IF(DA15>=7,DA15,IF(DA15="","",IF(DB15="",AVERAGE(DA15:DB15),IF(AND(DA15<4.01,DB15<>""),DA15,IF(DB15<7,DA15,7))))) -> 5.44 | DD15: =IF(AND(DA15>=7,DB15<>""),"DEJE EN BLANCO EL CASILLERO SUPLETORIO",IF(DA15="","",IF(AND(DA15<5,DB15<>""),"NO PUEDE RENDIR SUPLETORIO;REPRUEBA EL GRADO",IF(DC15<7,"NO PROMOVIDO","PROMOVIDO")))) -> NO PROMOVIDO
A16: 5 | B16: ='PROY. INTER'!B16 | C16: ='PROY. INTER'!C16 -> Campuzano Meza Naydelyn Odeth | D16: 7 | H16: 7 | N16: 8 | P16: 9 | V16: =IFERROR(TRUNC(AVERAGE(D16:U16),2),"")*70/100 -> 5.425 | W16: 10 | X16: ='PROY. INTER'!W16 -> 6 | Y16: =AVERAGE(W16:X16) -> 8 | Z16: =Y16*30/100 -> 2.4 | AA16: =IFERROR(TRUNC(SUM(V16+Z16),2),"") -> 7.82 | AE16: 5 | AF16: =B16 | AG16: =C16 -> Campuzano Meza Naydelyn Odeth | AH16: 7 | AL16: 7 | AR16: 8.35 | AT16: 10 | AZ16: =IFERROR(TRUNC(AVERAGE(AH16:AY16),2),"")*70/100 -> 5.656 | BA16: 7 | BB16: ='PROY. INTER'!AX16 -> 2 | BC16: =AVERAGE(BA16:BB16) -> 4.5 | BD16: =BC16*30/100 -> 1.35 | BE16: =IFERROR(TRUNC(SUM(AZ16+BD16),2),"") -> 7 | BI16: 5 | BJ16: =B16 | BK16: =C16 -> Campuzano Meza Naydelyn Odeth | CD16: =IFERROR(TRUNC(AVERAGE(BL16:CC16),2),"")*70/100 -> 0 | CF16: ='PROY. INTER'!BY16 -> 0 | CG16: =AVERAGE(CE16:CF16) -> 0 | CH16: =CG16*30/100 -> 0 | CI16: =IFERROR(TRUNC(SUM(CD16+CH16),2),"") -> 0 | CM16: 5 | CN16: =B16 | CO16: =C16 -> Campuzano Meza Naydelyn Odeth | CP16: =AA16 -> 7.82 | CQ16: =BE16 -> 7 | CR16: =CI16 -> 0 | CS16: =IFERROR(TRUNC(AVERAGE(CP16:CR16),2),"")*100/100 -> 4.94 | CT16: =IF(CS16="","",IF(CS16>=7,"APROBADO",IF(AND(CS16<=6.99,CS16>=5),"SUPLETORIO","REPROBADO"))) -> REPROBADO | CX16: 5 | CY16: =B16 | CZ16: =C16 -> Campuzano Meza Naydelyn Odeth | DA16: =CS16 -> 4.94 | DC16: =IF(DA16>=7,DA16,IF(DA16="","",IF(DB16="",AVERAGE(DA16:DB16),IF(AND(DA16<4.01,DB16<>""),DA16,IF(DB16<7,DA16,7))))) -> 4.94 | DD16: =IF(AND(DA16>=7,DB16<>""),"DEJE EN BLANCO EL CASILLERO SUPLETORIO",IF(DA16="","",IF(AND(DA16<5,DB16<>""),"NO PUEDE RENDIR SUPLETORIO;REPRUEBA EL GRADO",IF(DC16<7,"NO PROMOVIDO","PROMOVIDO")))) -> NO PROMOVIDO
A17: 6 | B17: ='PROY. INTER'!B17 | C17: ='PROY. INTER'!C17 -> Cantos Zúñiga a Hernán Snayder | D17: 7 | H17: 8 | N17: 7 | P17: 9 | V17: =IFERROR(TRUNC(AVERAGE(D17:U17),2),"")*70/100 -> 5.425 | W17: 10 | X17: ='PROY. INTER'!W17 -> 9.87 | Y17: =AVERAGE(W17:X17) -> 9.935 | Z17: =Y17*30/100 -> 2.9805 | AA17: =IFERROR(TRUNC(SUM(V17+Z17),2),"") -> 8.4 | AE17: 6 | AF17: =B17 | AG17: =C17 -> Cantos Zúñiga a Hernán Snayder | AH17: 7 | AL17: 7 | AR17: 9 | AT17: 10 | AZ17: =IFERROR(TRUNC(AVERAGE(AH17:AY17),2),"")*70/100 -> 5.775 | BA17: 9 | BB17: ='PROY. INTER'!AX17 -> 10 | BC17: =AVERAGE(BA17:BB17) -> 9.5 | BD17: =BC17*30/100 -> 2.85 | BE17: =IFERROR(TRUNC(SUM(AZ17+BD17),2),"") -> 8.62 | BI17: 6 | BJ17: =B17 | BK17: =C17 -> Cantos Zúñiga a Hernán Snayder | CD17: =IFERROR(TRUNC(AVERAGE(BL17:CC17),2),"")*70/100 -> 0 | CF17: ='PROY. INTER'!BY17 -> 0 | CG17: =AVERAGE(CE17:CF17) -> 0 | CH17: =CG17*30/100 -> 0 | CI17: =IFERROR(TRUNC(SUM(CD17+CH17),2),"") -> 0 | CM17: 6 | CN17: =B17 | CO17: =C17 -> Cantos Zúñiga a Hernán Snayder | CP17: =AA17 -> 8.4 | CQ17: =BE17 -> 8.62 | CR17: =CI17 -> 0 | CS17: =IFERROR(TRUNC(AVERAGE(CP17:CR17),2),"")*100/100 -> 5.67 | CT17: =IF(CS17="","",IF(CS17>=7,"APROBADO",IF(AND(CS17<=6.99,CS17>=5),"SUPLETORIO","REPROBADO"))) -> SUPLETORIO | CX17: 6 | CY17: =B17 | CZ17: =C17 -> Cantos Zúñiga a Hernán Snayder | DA17: =CS17 -> 5.67 | DC17: =IF(DA17>=7,DA17,IF(DA17="","",IF(DB17="",AVERAGE(DA17:DB17),IF(AND(DA17<4.01,DB17<>""),DA17,IF(DB17<7,DA17,7))))) -> 5.67 | DD17: =IF(AND(DA17>=7,DB17<>""),"DEJE EN BLANCO EL CASILLERO SUPLETORIO",IF(DA17="","",IF(AND(DA17<5,DB17<>""),"NO PUEDE RENDIR SUPLETORIO;REPRUEBA EL GRADO",IF(DC17<7,"NO PROMOVIDO","PROMOVIDO")))) -> NO PROMOVIDO
A18: 7 | B18: ='PROY. INTER'!B18 | C18: ='PROY. INTER'!C18 -> Carranza Dumes Genesis Daniela | D18: 10 | H18: 10 | N18: 7 | P18: 9 | V18: =IFERROR(TRUNC(AVERAGE(D18:U18),2),"")*70/100 -> 6.3 | W18: 10 | X18: ='PROY. INTER'!W18 -> 9 | Y18: =AVERAGE(W18:X18) -> 9.5 | Z18: =Y18*30/100 -> 2.85 | AA18: =IFERROR(TRUNC(SUM(V18+Z18),2),"") -> 9.15 | AE18: 7 | AF18: =B18 | AG18: =C18 -> Carranza Dumes Genesis Daniela | AH18: 9 | AL18: 8 | AR18: 8 | AT18: 8 | AZ18: =IFERROR(TRUNC(AVERAGE(AH18:AY18),2),"")*70/100 -> 5.775 | BA18: 8 | BB18: ='PROY. INTER'!AX18 -> 2 | BC18: =AVERAGE(BA18:BB18) -> 5 | BD18: =BC18*30/100 -> 1.5 | BE18: =IFERROR(TRUNC(SUM(AZ18+BD18),2),"") -> 7.27 | BI18: 7 | BJ18: =B18 | BK18: =C18 -> Carranza Dumes Genesis Daniela | CD18: =IFERROR(TRUNC(AVERAGE(BL18:CC18),2),"")*70/100 -> 0 | CF18: ='PROY. INTER'!BY18 -> 0 | CG18: =AVERAGE(CE18:CF18) -> 0 | CH18: =CG18*30/100 -> 0 | CI18: =IFERROR(TRUNC(SUM(CD18+CH18),2),"") -> 0 | CM18: 7 | CN18: =B18 | CO18: =C18 -> Carranza Dumes Genesis Daniela | CP18: =AA18 -> 9.15 | CQ18: =BE18 -> 7.27 | CR18: =CI18 -> 0 | CS18: =IFERROR(TRUNC(AVERAGE(CP18:CR18),2),"")*100/100 -> 5.47 | CT18: =IF(CS18="","",IF(CS18>=7,"APROBADO",IF(AND(CS18<=6.99,CS18>=5),"SUPLETORIO","REPROBADO"))) -> SUPLETORIO | CX18: 7 | CY18: =B18 | CZ18: =C18 -> Carranza Dumes Genesis Daniela | DA18: =CS18 -> 5.47 | DC18: =IF(DA18>=7,DA18,IF(DA18="","",IF(DB18="",AVERAGE(DA18:DB18),IF(AND(DA18<4.01,DB18<>""),DA18,IF(DB18<7,DA18,7))))) -> 5.47 | DD18: =IF(AND(DA18>=7,DB18<>""),"DEJE EN BLANCO EL CASILLERO SUPLETORIO",IF(DA18="","",IF(AND(DA18<5,DB18<>""),"NO PUEDE RENDIR SUPLETORIO;REPRUEBA EL GRADO",IF(DC18<7,"NO PROMOVIDO","PROMOVIDO")))) -> NO PROMOVIDO
A19: 8 | B19: ='PROY. INTER'!B19 | C19: ='PROY. INTER'!C19 -> Castro De La Rosa Cristopher Ruben | D19: 7 | H19: 2.35 | N19: 8 | P19: 9 | V19: =IFERROR(TRUNC(AVERAGE(D19:U19),2),"")*70/100 -> 4.606 | W19: 10 | X19: ='PROY. INTER'!W19 -> 6 | Y19: =AVERAGE(W19:X19) -> 8 | Z19: =Y19*30/100 -> 2.4 | AA19: =IFERROR(TRUNC(SUM(V19+Z19),2),"") -> 7 | AE19: 8 | AF19: =B19 | AG19: =C19 -> Castro De La Rosa Cristopher Ruben | AH19: 7.9 | AL19: 7.9 | AR19: 8.5 | AT19: 8.05 | AZ19: =IFERROR(TRUNC(AVERAGE(AH19:AY19),2),"")*70/100 -> 5.656 | BA19: 7 | BB19: ='PROY. INTER'!AX19 -> 2 | BC19: =AVERAGE(BA19:BB19) -> 4.5 | BD19: =BC19*30/100 -> 1.35 | BE19: =IFERROR(TRUNC(SUM(AZ19+BD19),2),"") -> 7 | BI19: 8 | BJ19: =B19 | BK19: =C19 -> Castro De La Rosa Cristopher Ruben | CD19: =IFERROR(TRUNC(AVERAGE(BL19:CC19),2),"")*70/100 -> 0 | CF19: ='PROY. INTER'!BY19 -> 0 | CG19: =AVERAGE(CE19:CF19) -> 0 | CH19: =CG19*30/100 -> 0 | CI19: =IFERROR(TRUNC(SUM(CD19+CH19),2),"") -> 0 | CM19: 8 | CN19: =B19 | CO19: =C19 -> Castro De La Rosa Cristopher Ruben | CP19: =AA19 -> 7 | CQ19: =BE19 -> 7 | CR19: =CI19 -> 0 | CS19: =IFERROR(TRUNC(AVERAGE(CP19:CR19),2),"")*100/100 -> 4.66 | CT19: =IF(CS19="","",IF(CS19>=7,"APROBADO",IF(AND(CS19<=6.99,CS19>=5),"SUPLETORIO","REPROBADO"))) -> REPROBADO | CX19: 8 | CY19: =B19 | CZ19: =C19 -> Castro De La Rosa Cristopher Ruben | DA19: =CS19 -> 4.66 | DC19: =IF(DA19>=7,DA19,IF(DA19="","",IF(DB19="",AVERAGE(DA19:DB19),IF(AND(DA19<4.01,DB19<>""),DA19,IF(DB19<7,DA19,7))))) -> 4.66 | DD19: =IF(AND(DA19>=7,DB19<>""),"DEJE EN BLANCO EL CASILLERO SUPLETORIO",IF(DA19="","",IF(AND(DA19<5,DB19<>""),"NO PUEDE RENDIR SUPLETORIO;REPRUEBA EL GRADO",IF(DC19<7,"NO PROMOVIDO","PROMOVIDO")))) -> NO PROMOVIDO
A20: 9 | B20: ='PROY. INTER'!B20 | C20: ='PROY. INTER'!C20 -> Chamba Maurad Joshelyn Juleixi | D20: 7 | H20: 7 | N20: 8 | P20: 7 | V20: =IFERROR(TRUNC(AVERAGE(D20:U20),2),"")*70/100 -> 5.075 | W20: 7 | X20: ='PROY. INTER'!W20 -> 6 | Y20: =AVERAGE(W20:X20) -> 6.5 | Z20: =Y20*30/100 -> 1.95 | AA20: =IFERROR(TRUNC(SUM(V20+Z20),2),"") -> 7.02 | AE20: 9 | AF20: =B20 | AG20: =C20 -> Chamba Maurad Joshelyn Juleixi | AH20: 7 | AL20: 8 | AR20: 8 | AT20: 5 | AZ20: =IFERROR(TRUNC(AVERAGE(AH20:AY20),2),"")*70/100 -> 4.9 | BA20: 7 | BB20: ='PROY. INTER'!AX20 -> 10 | BC20: =AVERAGE(BA20:BB20) -> 8.5 | BD20: =BC20*30/100 -> 2.55 | BE20: =IFERROR(TRUNC(SUM(AZ20+BD20),2),"") -> 7.45 | BI20: 9 | BJ20: =B20 | BK20: =C20 -> Chamba Maurad Joshelyn Juleixi | CD20: =IFERROR(TRUNC(AVERAGE(BL20:CC20),2),"")*70/100 -> 0 | CF20: ='PROY. INTER'!BY20 -> 0 | CG20: =AVERAGE(CE20:CF20) -> 0 | CH20: =CG20*30/100 -> 0 | CI20: =IFERROR(TRUNC(SUM(CD20+CH20),2),"") -> 0 | CM20: 9 | CN20: =B20 | CO20: =C20 -> Chamba Maurad Joshelyn Juleixi | CP20: =AA20 -> 7.02 | CQ20: =BE20 -> 7.45 | CR20: =CI20 -> 0 | CS20: =IFERROR(TRUNC(AVERAGE(CP20:CR20),2),"")*100/100 -> 4.82 | CT20: =IF(CS20="","",IF(CS20>=7,"APROBADO",IF(AND(CS20<=6.99,CS20>=5),"SUPLETORIO","REPROBADO"))) -> REPROBADO | CX20: 9 | CY20: =B20 | CZ20: =C20 -> Chamba Maurad Joshelyn Juleixi | DA20: =CS20 -> 4.82 | DC20: =IF(DA20>=7,DA20,IF(DA20="","",IF(DB20="",AVERAGE(DA20:DB20),IF(AND(DA20<4.01,DB20<>""),DA20,IF(DB20<7,DA20,7))))) -> 4.82 | DD20: =IF(AND(DA20>=7,DB20<>""),"DEJE EN BLANCO EL CASILLERO SUPLETORIO",IF(DA20="","",IF(AND(DA20<5,DB20<>""),"NO PUEDE RENDIR SUPLETORIO;REPRUEBA EL GRADO",IF(DC20<7,"NO PROMOVIDO","PROMOVIDO")))) -> NO PROMOVIDO
A21: 10 | B21: ='PROY. INTER'!B21 | C21: ='PROY. INTER'!C21 -> Cedeño Sanchez Josué | D21: 7 | H21: 7 | N21: 8 | P21: 7 | V21: =IFERROR(TRUNC(AVERAGE(D21:U21),2),"")*70/100 -> 5.075 | W21: 7 | X21: ='PROY. INTER'!W21 -> 6 | Y21: =AVERAGE(W21:X21) -> 6.5 | Z21: =Y21*30/100 -> 1.95 | AA21: =IFERROR(TRUNC(SUM(V21+Z21),2),"") -> 7.02 | AE21: 10 | AF21: =B21 | AG21: =C21 -> Cedeño Sanchez Josué | AH21: 7.3 | AL21: 7.9 | AR21: 8 | AT21: 8 | AZ21: =IFERROR(TRUNC(AVERAGE(AH21:AY21),2),"")*70/100 -> 5.46 | BA21: 8.3 | BB21: ='PROY. INTER'!AX21 -> 2 | BC21: =AVERAGE(BA21:BB21) -> 5.15 | BD21: =BC21*30/100 -> 1.545 | BE21: =IFERROR(TRUNC(SUM(AZ21+BD21),2),"") -> 7 | BI21: 10 | BJ21: =B21 | BK21: =C21 -> Cedeño Sanchez Josué | CD21: =IFERROR(TRUNC(AVERAGE(BL21:CC21),2),"")*70/100 -> 0 | CF21: ='PROY. INTER'!BY21 -> 0 | CG21: =AVERAGE(CE21:CF21) -> 0 | CH21: =CG21*30/100 -> 0 | CI21: =IFERROR(TRUNC(SUM(CD21+CH21),2),"") -> 0 | CM21: 10 | CN21: =B21 | CO21: =C21 -> Cedeño Sanchez Josué | CP21: =AA21 -> 7.02 | CQ21: =BE21 -> 7 | CR21: =CI21 -> 0 | CS21: =IFERROR(TRUNC(AVERAGE(CP21:CR21),2),"")*100/100 -> 4.67 | CT21: =IF(CS21="","",IF(CS21>=7,"APROBADO",IF(AND(CS21<=6.99,CS21>=5),"SUPLETORIO","REPROBADO"))) -> REPROBADO | CX21: 10 | CY21: =B21 | CZ21: =C21 -> Cedeño Sanchez Josué | DA21: =CS21 -> 4.67 | DC21: =IF(DA21>=7,DA21,IF(DA21="","",IF(DB21="",AVERAGE(DA21:DB21),IF(AND(DA21<4.01,DB21<>""),DA21,IF(DB21<7,DA21,7))))) -> 4.67 | DD21: =IF(AND(DA21>=7,DB21<>""),"DEJE EN BLANCO EL CASILLERO SUPLETORIO",IF(DA21="","",IF(AND(DA21<5,DB21<>""),"NO PUEDE RENDIR SUPLETORIO;REPRUEBA EL GRADO",IF(DC21<7,"NO PROMOVIDO","PROMOVIDO")))) -> NO PROMOVIDO
A22: 11 | B22: ='PROY. INTER'!B22 | C22: ='PROY. INTER'!C22 -> Espinoza Martinez Stefano Juliano | D22: 10 | H22: 10 | N22: 10 | P22: 10 | V22: =IFERROR(TRUNC(AVERAGE(D22:U22),2),"")*70/100 -> 7 | W22: 10 | X22: ='PROY. INTER'!W22 -> 10 | Y22: =AVERAGE(W22:X22) -> 10 | Z22: =Y22*30/100 -> 3 | AA22: =IFERROR(TRUNC(SUM(V22+Z22),2),"") -> 10 | AE22: 11 | AF22: =B22 | AG22: =C22 -> Espinoza Martinez Stefano Juliano | AH22: 10 | AL22: 10 | AR22: 10 | AT22: 10 | AZ22: =IFERROR(TRUNC(AVERAGE(AH22:AY22),2),"")*70/100 -> 7 | BA22: 10 | BB22: ='PROY. INTER'!AX22 -> 10 | BC22: =AVERAGE(BA22:BB22) -> 10 | BD22: =BC22*30/100 -> 3 | BE22: =IFERROR(TRUNC(SUM(AZ22+BD22),2),"") -> 10 | BI22: 11 | BJ22: =B22 | BK22: =C22 -> Espinoza Martinez Stefano Juliano | CD22: =IFERROR(TRUNC(AVERAGE(BL22:CC22),2),"")*70/100 -> 0 | CF22: ='PROY. INTER'!BY22 -> 0 | CG22: =AVERAGE(CE22:CF22) -> 0 | CH22: =CG22*30/100 -> 0 | CI22: =IFERROR(TRUNC(SUM(CD22+CH22),2),"") -> 0 | CM22: 11 | CN22: =B22 | CO22: =C22 -> Espinoza Martinez Stefano Juliano | CP22: =AA22 -> 10 | CQ22: =BE22 -> 10 | CR22: =CI22 -> 0 | CS22: =IFERROR(TRUNC(AVERAGE(CP22:CR22),2),"")*100/100 -> 6.66 | CT22: =IF(CS22="","",IF(CS22>=7,"APROBADO",IF(AND(CS22<=6.99,CS22>=5),"SUPLETORIO","REPROBADO"))) -> SUPLETORIO | CX22: 11 | CY22: =B22 | CZ22: =C22 -> Espinoza Martinez Stefano Juliano | DA22: =CS22 -> 6.66 | DC22: =IF(DA22>=7,DA22,IF(DA22="","",IF(DB22="",AVERAGE(DA22:DB22),IF(AND(DA22<4.01,DB22<>""),DA22,IF(DB22<7,DA22,7))))) -> 6.66 | DD22: =IF(AND(DA22>=7,DB22<>""),"DEJE EN BLANCO EL CASILLERO SUPLETORIO",IF(DA22="","",IF(AND(DA22<5,DB22<>""),"NO PUEDE RENDIR SUPLETORIO;REPRUEBA EL GRADO",IF(DC22<7,"NO PROMOVIDO","PROMOVIDO")))) -> NO PROMOVIDO
A23: 12 | B23: ='PROY. INTER'!B23 | C23: ='PROY. INTER'!C23 -> Espinoza Morante Melany Ginger | D23: 10 | H23: 10 | N23: 8 | P23: 10 | V23: =IFERROR(TRUNC(AVERAGE(D23:U23),2),"")*70/100 -> 6.65 | W23: 10 | X23: ='PROY. INTER'!W23 -> 7.2 | Y23: =AVERAGE(W23:X23) -> 8.6 | Z23: =Y23*30/100 -> 2.58 | AA23: =IFERROR(TRUNC(SUM(V23+Z23),2),"") -> 9.23 | AE23: 12 | AF23: =B23 | AG23: =C23 -> Espinoza Morante Melany Ginger | AH23: 10 | AL23: 10 | AR23: 9 | AT23: 9 | AZ23: =IFERROR(TRUNC(AVERAGE(AH23:AY23),2),"")*70/100 -> 6.65 | BA23: 10 | BB23: ='PROY. INTER'!AX23 -> 10 | BC23: =AVERAGE(BA23:BB23) -> 10 | BD23: =BC23*30/100 -> 3 | BE23: =IFERROR(TRUNC(SUM(AZ23+BD23),2),"") -> 9.65 | BI23: 12 | BJ23: =B23 | BK23: =C23 -> Espinoza Morante Melany Ginger | CD23: =IFERROR(TRUNC(AVERAGE(BL23:CC23),2),"")*70/100 -> 0 | CF23: ='PROY. INTER'!BY23 -> 0 | CG23: =AVERAGE(CE23:CF23) -> 0 | CH23: =CG23*30/100 -> 0 | CI23: =IFERROR(TRUNC(SUM(CD23+CH23),2),"") -> 0 | CM23: 12 | CN23: =B23 | CO23: =C23 -> Espinoza Morante Melany Ginger | CP23: =AA23 -> 9.23 | CQ23: =BE23 -> 9.65 | CR23: =CI23 -> 0 | CS23: =IFERROR(TRUNC(AVERAGE(CP23:CR23),2),"")*100/100 -> 6.29 | CT23: =IF(CS23="","",IF(CS23>=7,"APROBADO",IF(AND(CS23<=6.99,CS23>=5),"SUPLETORIO","REPROBADO"))) -> SUPLETORIO | CX23: 12 | CY23: =B23 | CZ23: =C23 -> Espinoza Morante Melany Ginger | DA23: =CS23 -> 6.29 | DC23: =IF(DA23>=7,DA23,IF(DA23="","",IF(DB23="",AVERAGE(DA23:DB23),IF(AND(DA23<4.01,DB23<>""),DA23,IF(DB23<7,DA23,7))))) -> 6.29 | DD23: =IF(AND(DA23>=7,DB23<>""),"DEJE EN BLANCO EL CASILLERO SUPLETORIO",IF(DA23="","",IF(AND(DA23<5,DB23<>""),"NO PUEDE RENDIR SUPLETORIO;REPRUEBA EL GRADO",IF(DC23<7,"NO PROMOVIDO","PROMOVIDO")))) -> NO PROMOVIDO
... A35: 24 | B35: ='PROY. INTER'!B35 | C35: ='PROY. INTER'!C35 -> Zambrano Zhicay Victor Humberto | D35: 10 | H35: 10 | N35: 9 | P35: 9.5 | V35: =IFERROR(TRUNC(AVERAGE(D35:U35),2),"")*70/100 -> 6.734 | W35: 10 | X35: ='PROY. INTER'!W35 -> 9.73 | Y35: =AVERAGE(W35:X35) -> 9.865 | Z35: =Y35*30/100 -> 2.9595 | AA35: =IFERROR(TRUNC(SUM(V35+Z35),2),"") -> 9.69 | AE35: 24 | AF35: =B35 | AG35: =C35 -> Zambrano Zhicay Victor Humberto | AH35: 8 | AL35: 9 | AR35: 8 | AT35: 8.5 | AZ35: =IFERROR(TRUNC(AVERAGE(AH35:AY35),2),"")*70/100 -> 5.859 | BA35: 8 | BB35: ='PROY. INTER'!AX35 -> 10 | BC35: =AVERAGE(BA35:BB35) -> 9 | BD35: =BC35*30/100 -> 2.7 | BE35: =IFERROR(TRUNC(SUM(AZ35+BD35),2),"") -> 8.55 | BI35: 24 | BJ35: =B35 | BK35: =C35 -> Zambrano Zhicay Victor Humberto | CD35: =IFERROR(TRUNC(AVERAGE(BL35:CC35),2),"")*70/100 -> 0 | CF35: ='PROY. INTER'!BY35 -> 0 | CG35: =AVERAGE(CE35:CF35) -> 0 | CH35: =CG35*30/100 -> 0 | CI35: =IFERROR(TRUNC(SUM(CD35+CH35),2),"") -> 0 | CM35: 24 | CN35: =B35 | CO35: =C35 -> Zambrano Zhicay Victor Humberto | CP35: =AA35 -> 9.69 | CQ35: =BE35 -> 8.55 | CR35: =CI35 -> 0 | CS35: =IFERROR(TRUNC(AVERAGE(CP35:CR35),2),"")*100/100 -> 6.08 | CT35: =IF(CS35="","",IF(CS35>=7,"APROBADO",IF(AND(CS35<=6.99,CS35>=5),"SUPLETORIO","REPROBADO"))) -> SUPLETORIO | CX35: 24 | CY35: =B35 | CZ35: =C35 -> Zambrano Zhicay Victor Humberto | DA35: =CS35 -> 6.08 | DC35: =IF(DA35>=7,DA35,IF(DA35="","",IF(DB35="",AVERAGE(DA35:DB35),IF(AND(DA35<4.01,DB35<>""),DA35,IF(DB35<7,DA35,7))))) -> 6.08 | DD35: =IF(AND(DA35>=7,DB35<>""),"DEJE EN BLANCO EL CASILLERO SUPLETORIO",IF(DA35="","",IF(AND(DA35<5,DB35<>""),"NO PUEDE RENDIR SUPLETORIO;REPRUEBA EL GRADO",IF(DC35<7,"NO PROMOVIDO","PROMOVIDO")))) -> NO PROMOVIDO
A36: 25 | B36: ='PROY. INTER'!B36 | C36: ='PROY. INTER'!C36 | V36: =IFERROR(TRUNC(AVERAGE(D36:U36),2),"")*70/100 -> 0 | X36: ='PROY. INTER'!W36 -> 0 | Y36: =AVERAGE(W36:X36) -> 0 | Z36: =Y36*30/100 -> 0 | AA36: =IFERROR(TRUNC(SUM(V36+Z36),2),"") -> 0 | AE36: 25 | AF36: =B36 | AG36: =C36 | AZ36: =IFERROR(TRUNC(AVERAGE(AH36:AY36),2),"")*70/100 -> 0 | BB36: ='PROY. INTER'!AX36 -> 0 | BC36: =AVERAGE(BA36:BB36) -> 0 | BD36: =BC36*30/100 -> 0 | BE36: =IFERROR(TRUNC(SUM(AZ36+BD36),2),"") -> 0 | BI36: 25 | BJ36: =B36 | BK36: =C36 | CD36: =IFERROR(TRUNC(AVERAGE(BL36:CC36),2),"")*70/100 -> 0 | CF36: ='PROY. INTER'!BY36 -> 0 | CG36: =AVERAGE(CE36:CF36) -> 0 | CH36: =CG36*30/100 -> 0 | CI36: =IFERROR(TRUNC(SUM(CD36+CH36),2),"") -> 0 | CM36: 25 | CN36: =B36 | CO36: =C36 | CP36: =AA36 -> 0 | CQ36: =BE36 -> 0 | CR36: =CI36 -> 0 | CS36: =IFERROR(TRUNC(AVERAGE(CP36:CR36),2),"")*100/100 -> 0 | CT36: =IF(CS36="","",IF(CS36>=7,"APROBADO",IF(AND(CS36<=6.99,CS36>=5),"SUPLETORIO","REPROBADO"))) -> REPROBADO | CX36: 25 | CY36: =B36 | CZ36: =C36 | DA36: =CS36 -> 0 | DC36: =IF(DA36>=7,DA36,IF(DA36="","",IF(DB36="",AVERAGE(DA36:DB36),IF(AND(DA36<4.01,DB36<>""),DA36,IF(DB36<7,DA36,7))))) -> 0 | DD36: =IF(AND(DA36>=7,DB36<>""),"DEJE EN BLANCO EL CASILLERO SUPLETORIO",IF(DA36="","",IF(AND(DA36<5,DB36<>""),"NO PUEDE RENDIR SUPLETORIO;REPRUEBA EL GRADO",IF(DC36<7,"NO PROMOVIDO","PROMOVIDO")))) -> NO PROMOVIDO
A37: 26 | B37: ='PROY. INTER'!B37 | C37: ='PROY. INTER'!C37 | V37: =IFERROR(TRUNC(AVERAGE(D37:U37),2),"")*70/100 -> 0 | X37: ='PROY. INTER'!W37 -> 0 | Y37: =AVERAGE(W37:X37) -> 0 | Z37: =Y37*30/100 -> 0 | AA37: =IFERROR(TRUNC(SUM(V37+Z37),2),"") -> 0 | AE37: 26 | AF37: =B37 | AG37: =C37 | AZ37: =IFERROR(TRUNC(AVERAGE(AH37:AY37),2),"")*70/100 -> 0 | BB37: ='PROY. INTER'!AX37 -> 0 | BC37: =AVERAGE(BA37:BB37) -> 0 | BD37: =BC37*30/100 -> 0 | BE37: =IFERROR(TRUNC(SUM(AZ37+BD37),2),"") -> 0 | BI37: 26 | BJ37: =B37 | BK37: =C37 | CD37: =IFERROR(TRUNC(AVERAGE(BL37:CC37),2),"")*70/100 -> 0 | CF37: ='PROY. INTER'!BY37 -> 0 | CG37: =AVERAGE(CE37:CF37) -> 0 | CH37: =CG37*30/100 -> 0 | CI37: =IFERROR(TRUNC(SUM(CD37+CH37),2),"") -> 0 | CM37: 26 | CN37: =B37 | CO37: =C37 | CP37: =AA37 -> 0 | CQ37: =BE37 -> 0 | CR37: =CI37 -> 0 | CS37: =IFERROR(TRUNC(AVERAGE(CP37:CR37),2),"")*100/100 -> 0 | CT37: =IF(CS37="","",IF(CS37>=7,"APROBADO",IF(AND(CS37<=6.99,CS37>=5),"SUPLETORIO","REPROBADO"))) -> REPROBADO | CX37: 26 | CY37: =B37 | CZ37: =C37 | DA37: =CS37 -> 0 | DC37: =IF(DA37>=7,DA37,IF(DA37="","",IF(DB37="",AVERAGE(DA37:DB37),IF(AND(DA37<4.01,DB37<>""),DA37,IF(DB37<7,DA37,7))))) -> 0 | DD37: =IF(AND(DA37>=7,DB37<>""),"DEJE EN BLANCO EL CASILLERO SUPLETORIO",IF(DA37="","",IF(AND(DA37<5,DB37<>""),"NO PUEDE RENDIR SUPLETORIO;REPRUEBA EL GRADO",IF(DC37<7,"NO PROMOVIDO","PROMOVIDO")))) -> NO PROMOVIDO
A38: 27 | B38: ='PROY. INTER'!B38 | C38: ='PROY. INTER'!C38 | V38: =IFERROR(TRUNC(AVERAGE(D38:U38),2),"")*70/100 -> 0 | X38: ='PROY. INTER'!W38 -> 0 | Y38: =AVERAGE(W38:X38) -> 0 | Z38: =Y38*30/100 -> 0 | AA38: =IFERROR(TRUNC(SUM(V38+Z38),2),"") -> 0 | AE38: 27 | AF38: =B38 | AG38: =C38 | AZ38: =IFERROR(TRUNC(AVERAGE(AH38:AY38),2),"")*70/100 -> 0 | BB38: ='PROY. INTER'!AX38 -> 0 | BC38: =AVERAGE(BA38:BB38) -> 0 | BD38: =BC38*30/100 -> 0 | BE38: =IFERROR(TRUNC(SUM(AZ38+BD38),2),"") -> 0 | BI38: 27 | BJ38: =B38 | BK38: =C38 | CD38: =IFERROR(TRUNC(AVERAGE(BL38:CC38),2),"")*70/100 -> 0 | CF38: ='PROY. INTER'!BY38 -> 0 | CG38: =AVERAGE(CE38:CF38) -> 0 | CH38: =CG38*30/100 -> 0 | CI38: =IFERROR(TRUNC(SUM(CD38+CH38),2),"") -> 0 | CM38: 27 | CN38: =B38 | CO38: =C38 | CP38: =AA38 -> 0 | CQ38: =BE38 -> 0 | CR38: =CI38 -> 0 | CS38: =IFERROR(TRUNC(AVERAGE(CP38:CR38),2),"")*100/100 -> 0 | CT38: =IF(CS38="","",IF(CS38>=7,"APROBADO",IF(AND(CS38<=6.99,CS38>=5),"SUPLETORIO","REPROBADO"))) -> REPROBADO | CX38: 27 | CY38: =B38 | CZ38: =C38 | DA38: =CS38 -> 0 | DC38: =IF(DA38>=7,DA38,IF(DA38="","",IF(DB38="",AVERAGE(DA38:DB38),IF(AND(DA38<4.01,DB38<>""),DA38,IF(DB38<7,DA38,7))))) -> 0 | DD38: =IF(AND(DA38>=7,DB38<>""),"DEJE EN BLANCO EL CASILLERO SUPLETORIO",IF(DA38="","",IF(AND(DA38<5,DB38<>""),"NO PUEDE RENDIR SUPLETORIO;REPRUEBA EL GRADO",IF(DC38<7,"NO PROMOVIDO","PROMOVIDO")))) -> NO PROMOVIDO
A39: 28 | B39: ='PROY. INTER'!B39 | C39: ='PROY. INTER'!C39 | V39: =IFERROR(TRUNC(AVERAGE(D39:U39),2),"")*70/100 -> 0 | X39: ='PROY. INTER'!W39 -> 0 | Y39: =AVERAGE(W39:X39) -> 0 | Z39: =Y39*30/100 -> 0 | AA39: =IFERROR(TRUNC(SUM(V39+Z39),2),"") -> 0 | AE39: 28 | AF39: =B39 | AG39: =C39 | AZ39: =IFERROR(TRUNC(AVERAGE(AH39:AY39),2),"")*70/100 -> 0 | BB39: ='PROY. INTER'!AX39 -> 0 | BC39: =AVERAGE(BA39:BB39) -> 0 | BD39: =BC39*30/100 -> 0 | BE39: =IFERROR(TRUNC(SUM(AZ39+BD39),2),"") -> 0 | BI39: 28 | BJ39: =B39 | BK39: =C39 | CD39: =IFERROR(TRUNC(AVERAGE(BL39:CC39),2),"")*70/100 -> 0 | CF39: ='PROY. INTER'!BY39 -> 0 | CG39: =AVERAGE(CE39:CF39) -> 0 | CH39: =CG39*30/100 -> 0 | CI39: =IFERROR(TRUNC(SUM(CD39+CH39),2),"") -> 0 | CM39: 28 | CN39: =B39 | CO39: =C39 | CP39: =AA39 -> 0 | CQ39: =BE39 -> 0 | CR39: =CI39 -> 0 | CS39: =IFERROR(TRUNC(AVERAGE(CP39:CR39),2),"")*100/100 -> 0 | CT39: =IF(CS39="","",IF(CS39>=7,"APROBADO",IF(AND(CS39<=6.99,CS39>=5),"SUPLETORIO","REPROBADO"))) -> REPROBADO | CX39: 28 | CY39: =B39 | CZ39: =C39 | DA39: =CS39 -> 0 | DC39: =IF(DA39>=7,DA39,IF(DA39="","",IF(DB39="",AVERAGE(DA39:DB39),IF(AND(DA39<4.01,DB39<>""),DA39,IF(DB39<7,DA39,7))))) -> 0 | DD39: =IF(AND(DA39>=7,DB39<>""),"DEJE EN BLANCO EL CASILLERO SUPLETORIO",IF(DA39="","",IF(AND(DA39<5,DB39<>""),"NO PUEDE RENDIR SUPLETORIO;REPRUEBA EL GRADO",IF(DC39<7,"NO PROMOVIDO","PROMOVIDO")))) -> NO PROMOVIDO
A40: 29 | B40: ='PROY. INTER'!B40 | C40: ='PROY. INTER'!C40 | V40: =IFERROR(TRUNC(AVERAGE(D40:U40),2),"")*70/100 -> 0 | X40: ='PROY. INTER'!W40 -> 0 | Y40: =AVERAGE(W40:X40) -> 0 | Z40: =Y40*30/100 -> 0 | AA40: =IFERROR(TRUNC(SUM(V40+Z40),2),"") -> 0 | AE40: 29 | AF40: =B40 | AG40: =C40 | AZ40: =IFERROR(TRUNC(AVERAGE(AH40:AY40),2),"")*70/100 -> 0 | BB40: ='PROY. INTER'!AX40 -> 0 | BC40: =AVERAGE(BA40:BB40) -> 0 | BD40: =BC40*30/100 -> 0 | BE40: =IFERROR(TRUNC(SUM(AZ40+BD40),2),"") -> 0 | BI40: 29 | BJ40: =B40 | BK40: =C40 | CD40: =IFERROR(TRUNC(AVERAGE(BL40:CC40),2),"")*70/100 -> 0 | CF40: ='PROY. INTER'!BY40 -> 0 | CG40: =AVERAGE(CE40:CF40) -> 0 | CH40: =CG40*30/100 -> 0 | CI40: =IFERROR(TRUNC(SUM(CD40+CH40),2),"") -> 0 | CM40: 29 | CN40: =B40 | CO40: =C40 | CP40: =AA40 -> 0 | CQ40: =BE40 -> 0 | CR40: =CI40 -> 0 | CS40: =IFERROR(TRUNC(AVERAGE(CP40:CR40),2),"")*100/100 -> 0 | CT40: =IF(CS40="","",IF(CS40>=7,"APROBADO",IF(AND(CS40<=6.99,CS40>=5),"SUPLETORIO","REPROBADO"))) -> REPROBADO | CX40: 29 | CY40: =B40 | CZ40: =C40 | DA40: =CS40 -> 0 | DC40: =IF(DA40>=7,DA40,IF(DA40="","",IF(DB40="",AVERAGE(DA40:DB40),IF(AND(DA40<4.01,DB40<>""),DA40,IF(DB40<7,DA40,7))))) -> 0 | DD40: =IF(AND(DA40>=7,DB40<>""),"DEJE EN BLANCO EL CASILLERO SUPLETORIO",IF(DA40="","",IF(AND(DA40<5,DB40<>""),"NO PUEDE RENDIR SUPLETORIO;REPRUEBA EL GRADO",IF(DC40<7,"NO PROMOVIDO","PROMOVIDO")))) -> NO PROMOVIDO
A41: 30 | B41: ='PROY. INTER'!B41 | C41: ='PROY. INTER'!C41 | V41: =IFERROR(TRUNC(AVERAGE(D41:U41),2),"")*70/100 -> 0 | X41: ='PROY. INTER'!W41 -> 0 | Y41: =AVERAGE(W41:X41) -> 0 | Z41: =Y41*30/100 -> 0 | AA41: =IFERROR(TRUNC(SUM(V41+Z41),2),"") -> 0 | AE41: 30 | AF41: =B41 | AG41: =C41 | AZ41: =IFERROR(TRUNC(AVERAGE(AH41:AY41),2),"")*70/100 -> 0 | BB41: ='PROY. INTER'!AX41 -> 0 | BC41: =AVERAGE(BA41:BB41) -> 0 | BD41: =BC41*30/100 -> 0 | BE41: =IFERROR(TRUNC(SUM(AZ41+BD41),2),"") -> 0 | BI41: 30 | BJ41: =B41 | BK41: =C41 | CD41: =IFERROR(TRUNC(AVERAGE(BL41:CC41),2),"")*70/100 -> 0 | CF41: ='PROY. INTER'!BY41 -> 0 | CG41: =AVERAGE(CE41:CF41) -> 0 | CH41: =CG41*30/100 -> 0 | CI41: =IFERROR(TRUNC(SUM(CD41+CH41),2),"") -> 0 | CM41: 30 | CN41: =B41 | CO41: =C41 | CP41: =AA41 -> 0 | CQ41: =BE41 -> 0 | CR41: =CI41 -> 0 | CS41: =IFERROR(TRUNC(AVERAGE(CP41:CR41),2),"")*100/100 -> 0 | CT41: =IF(CS41="","",IF(CS41>=7,"APROBADO",IF(AND(CS41<=6.99,CS41>=5),"SUPLETORIO","REPROBADO"))) -> REPROBADO | CX41: 30 | CY41: =B41 | CZ41: =C41 | DA41: =CS41 -> 0 | DC41: =IF(DA41>=7,DA41,IF(DA41="","",IF(DB41="",AVERAGE(DA41:DB41),IF(AND(DA41<4.01,DB41<>""),DA41,IF(DB41<7,DA41,7))))) -> 0 | DD41: =IF(AND(DA41>=7,DB41<>""),"DEJE EN BLANCO EL CASILLERO SUPLETORIO",IF(DA41="","",IF(AND(DA41<5,DB41<>""),"NO PUEDE RENDIR SUPLETORIO;REPRUEBA EL GRADO",IF(DC41<7,"NO PROMOVIDO","PROMOVIDO")))) -> NO PROMOVIDO
A42: 31 | B42: ='PROY. INTER'!B42 | C42: ='PROY. INTER'!C42 | V42: =IFERROR(TRUNC(AVERAGE(D42:U42),2),"")*70/100 -> 0 | X42: ='PROY. INTER'!W42 -> 0 | Y42: =AVERAGE(W42:X42) -> 0 | Z42: =Y42*30/100 -> 0 | AA42: =IFERROR(TRUNC(SUM(V42+Z42),2),"") -> 0 | AE42: 31 | AF42: =B42 | AG42: =C42 | AZ42: =IFERROR(TRUNC(AVERAGE(AH42:AY42),2),"")*70/100 -> 0 | BB42: ='PROY. INTER'!AX42 -> 0 | BC42: =AVERAGE(BA42:BB42) -> 0 | BD42: =BC42*30/100 -> 0 | BE42: =IFERROR(TRUNC(SUM(AZ42+BD42),2),"") -> 0 | BI42: 31 | BJ42: =B42 | BK42: =C42 | CD42: =IFERROR(TRUNC(AVERAGE(BL42:CC42),2),"")*70/100 -> 0 | CF42: ='PROY. INTER'!BY42 -> 0 | CG42: =AVERAGE(CE42:CF42) -> 0 | CH42: =CG42*30/100 -> 0 | CI42: =IFERROR(TRUNC(SUM(CD42+CH42),2),"") -> 0 | CM42: 31 | CN42: =B42 | CO42: =C42 | CP42: =AA42 -> 0 | CQ42: =BE42 -> 0 | CR42: =CI42 -> 0 | CS42: =IFERROR(TRUNC(AVERAGE(CP42:CR42),2),"")*100/100 -> 0 | CT42: =IF(CS42="","",IF(CS42>=7,"APROBADO",IF(AND(CS42<=6.99,CS42>=5),"SUPLETORIO","REPROBADO"))) -> REPROBADO | CX42: 31 | CY42: =B42 | CZ42: =C42 | DA42: =CS42 -> 0 | DC42: =IF(DA42>=7,DA42,IF(DA42="","",IF(DB42="",AVERAGE(DA42:DB42),IF(AND(DA42<4.01,DB42<>""),DA42,IF(DB42<7,DA42,7))))) -> 0 | DD42: =IF(AND(DA42>=7,DB42<>""),"DEJE EN BLANCO EL CASILLERO SUPLETORIO",IF(DA42="","",IF(AND(DA42<5,DB42<>""),"NO PUEDE RENDIR SUPLETORIO;REPRUEBA EL GRADO",IF(DC42<7,"NO PROMOVIDO","PROMOVIDO")))) -> NO PROMOVIDO
A43: 32 | B43: ='PROY. INTER'!B43 | C43: ='PROY. INTER'!C43 | V43: =IFERROR(TRUNC(AVERAGE(D43:U43),2),"")*70/100 -> 0 | X43: ='PROY. INTER'!W43 -> 0 | Y43: =AVERAGE(W43:X43) -> 0 | Z43: =Y43*30/100 -> 0 | AA43: =IFERROR(TRUNC(SUM(V43+Z43),2),"") -> 0 | AE43: 32 | AF43: =B43 | AG43: =C43 | AZ43: =IFERROR(TRUNC(AVERAGE(AH43:AY43),2),"")*70/100 -> 0 | BB43: ='PROY. INTER'!AX43 -> 0 | BC43: =AVERAGE(BA43:BB43) -> 0 | BD43: =BC43*30/100 -> 0 | BE43: =IFERROR(TRUNC(SUM(AZ43+BD43),2),"") -> 0 | BI43: 32 | BJ43: =B43 | BK43: =C43 | CD43: =IFERROR(TRUNC(AVERAGE(BL43:CC43),2),"")*70/100 -> 0 | CF43: ='PROY. INTER'!BY43 -> 0 | CG43: =AVERAGE(CE43:CF43) -> 0 | CH43: =CG43*30/100 -> 0 | CI43: =IFERROR(TRUNC(SUM(CD43+CH43),2),"") -> 0 | CM43: 32 | CN43: =B43 | CO43: =C43 | CP43: =AA43 -> 0 | CQ43: =BE43 -> 0 | CR43: =CI43 -> 0 | CS43: =IFERROR(TRUNC(AVERAGE(CP43:CR43),2),"")*100/100 -> 0 | CT43: =IF(CS43="","",IF(CS43>=7,"APROBADO",IF(AND(CS43<=6.99,CS43>=5),"SUPLETORIO","REPROBADO"))) -> REPROBADO | CX43: 32 | CY43: =B43 | CZ43: =C43 | DA43: =CS43 -> 0 | DC43: =IF(DA43>=7,DA43,IF(DA43="","",IF(DB43="",AVERAGE(DA43:DB43),IF(AND(DA43<4.01,DB43<>""),DA43,IF(DB43<7,DA43,7))))) -> 0 | DD43: =IF(AND(DA43>=7,DB43<>""),"DEJE EN BLANCO EL CASILLERO SUPLETORIO",IF(DA43="","",IF(AND(DA43<5,DB43<>""),"NO PUEDE RENDIR SUPLETORIO;REPRUEBA EL GRADO",IF(DC43<7,"NO PROMOVIDO","PROMOVIDO")))) -> NO PROMOVIDO
A44: 33 | B44: ='PROY. INTER'!B44 | C44: ='PROY. INTER'!C44 | V44: =IFERROR(TRUNC(AVERAGE(D44:U44),2),"")*70/100 -> 0 | X44: ='PROY. INTER'!W44 -> 0 | Y44: =AVERAGE(W44:X44) -> 0 | Z44: =Y44*30/100 -> 0 | AA44: =IFERROR(TRUNC(SUM(V44+Z44),2),"") -> 0 | AE44: 33 | AF44: =B44 | AG44: =C44 | AZ44: =IFERROR(TRUNC(AVERAGE(AH44:AY44),2),"")*70/100 -> 0 | BB44: ='PROY. INTER'!AX44 -> 0 | BC44: =AVERAGE(BA44:BB44) -> 0 | BD44: =BC44*30/100 -> 0 | BE44: =IFERROR(TRUNC(SUM(AZ44+BD44),2),"") -> 0 | BI44: 33 | BJ44: =B44 | BK44: =C44 | CD44: =IFERROR(TRUNC(AVERAGE(BL44:CC44),2),"")*70/100 -> 0 | CF44: ='PROY. INTER'!BY44 -> 0 | CG44: =AVERAGE(CE44:CF44) -> 0 | CH44: =CG44*30/100 -> 0 | CI44: =IFERROR(TRUNC(SUM(CD44+CH44),2),"") -> 0 | CM44: 33 | CN44: =B44 | CO44: =C44 | CP44: =AA44 -> 0 | CQ44: =BE44 -> 0 | CR44: =CI44 -> 0 | CS44: =IFERROR(TRUNC(AVERAGE(CP44:CR44),2),"")*100/100 -> 0 | CT44: =IF(CS44="","",IF(CS44>=7,"APROBADO",IF(AND(CS44<=6.99,CS44>=5),"SUPLETORIO","REPROBADO"))) -> REPROBADO | CX44: 33 | CY44: =B44 | CZ44: =C44 | DA44: =CS44 -> 0 | DC44: =IF(DA44>=7,DA44,IF(DA44="","",IF(DB44="",AVERAGE(DA44:DB44),IF(AND(DA44<4.01,DB44<>""),DA44,IF(DB44<7,DA44,7))))) -> 0 | DD44: =IF(AND(DA44>=7,DB44<>""),"DEJE EN BLANCO EL CASILLERO SUPLETORIO",IF(DA44="","",IF(AND(DA44<5,DB44<>""),"NO PUEDE RENDIR SUPLETORIO;REPRUEBA EL GRADO",IF(DC44<7,"NO PROMOVIDO","PROMOVIDO")))) -> NO PROMOVIDO
A45: 34 | B45: ='PROY. INTER'!B45 | C45: ='PROY. INTER'!C45 | V45: =IFERROR(TRUNC(AVERAGE(D45:U45),2),"")*70/100 -> 0 | X45: ='PROY. INTER'!W45 -> 0 | Y45: =AVERAGE(W45:X45) -> 0 | Z45: =Y45*30/100 -> 0 | AA45: =IFERROR(TRUNC(SUM(V45+Z45),2),"") -> 0 | AE45: 34 | AF45: =B45 | AG45: =C45 | AZ45: =IFERROR(TRUNC(AVERAGE(AH45:AY45),2),"")*70/100 -> 0 | BB45: ='PROY. INTER'!AX45 -> 0 | BC45: =AVERAGE(BA45:BB45) -> 0 | BD45: =BC45*30/100 -> 0 | BE45: =IFERROR(TRUNC(SUM(AZ45+BD45),2),"") -> 0 | BI45: 34 | BJ45: =B45 | BK45: =C45 | CD45: =IFERROR(TRUNC(AVERAGE(BL45:CC45),2),"")*70/100 -> 0 | CF45: ='PROY. INTER'!BY45 -> 0 | CG45: =AVERAGE(CE45:CF45) -> 0 | CH45: =CG45*30/100 -> 0 | CI45: =IFERROR(TRUNC(SUM(CD45+CH45),2),"") -> 0 | CM45: 34 | CN45: =B45 | CO45: =C45 | CP45: =AA45 -> 0 | CQ45: =BE45 -> 0 | CR45: =CI45 -> 0 | CS45: =IFERROR(TRUNC(AVERAGE(CP45:CR45),2),"")*100/100 -> 0 | CT45: =IF(CS45="","",IF(CS45>=7,"APROBADO",IF(AND(CS45<=6.99,CS45>=5),"SUPLETORIO","REPROBADO"))) -> REPROBADO | CX45: 34 | CY45: =B45 | CZ45: =C45 | DA45: =CS45 -> 0 | DC45: =IF(DA45>=7,DA45,IF(DA45="","",IF(DB45="",AVERAGE(DA45:DB45),IF(AND(DA45<4.01,DB45<>""),DA45,IF(DB45<7,DA45,7))))) -> 0 | DD45: =IF(AND(DA45>=7,DB45<>""),"DEJE EN BLANCO EL CASILLERO SUPLETORIO",IF(DA45="","",IF(AND(DA45<5,DB45<>""),"NO PUEDE RENDIR SUPLETORIO;REPRUEBA EL GRADO",IF(DC45<7,"NO PROMOVIDO","PROMOVIDO")))) -> NO PROMOVIDO
A46: 35 | B46: ='PROY. INTER'!B46 | C46: ='PROY. INTER'!C46 | V46: =IFERROR(TRUNC(AVERAGE(D46:U46),2),"")*70/100 -> 0 | X46: ='PROY. INTER'!W46 -> 0 | Y46: =AVERAGE(W46:X46) -> 0 | Z46: =Y46*30/100 -> 0 | AA46: =IFERROR(TRUNC(SUM(V46+Z46),2),"") -> 0 | AE46: 35 | AF46: =B46 | AG46: =C46 | AZ46: =IFERROR(TRUNC(AVERAGE(AH46:AY46),2),"")*70/100 -> 0 | BB46: ='PROY. INTER'!AX46 -> 0 | BC46: =AVERAGE(BA46:BB46) -> 0 | BD46: =BC46*30/100 -> 0 | BE46: =IFERROR(TRUNC(SUM(AZ46+BD46),2),"") -> 0 | BI46: 35 | BJ46: =B46 | BK46: =C46 | CD46: =IFERROR(TRUNC(AVERAGE(BL46:CC46),2),"")*70/100 -> 0 | CF46: ='PROY. INTER'!BY46 -> 0 | CG46: =AVERAGE(CE46:CF46) -> 0 | CH46: =CG46*30/100 -> 0 | CI46: =IFERROR(TRUNC(SUM(CD46+CH46),2),"") -> 0 | CM46: 35 | CN46: =B46 | CO46: =C46 | CP46: =AA46 -> 0 | CQ46: =BE46 -> 0 | CR46: =CI46 -> 0 | CS46: =IFERROR(TRUNC(AVERAGE(CP46:CR46),2),"")*100/100 -> 0 | CT46: =IF(CS46="","",IF(CS46>=7,"APROBADO",IF(AND(CS46<=6.99,CS46>=5),"SUPLETORIO","REPROBADO"))) -> REPROBADO | CX46: 35 | CY46: =B46 | CZ46: =C46 | DA46: =CS46 -> 0 | DC46: =IF(DA46>=7,DA46,IF(DA46="","",IF(DB46="",AVERAGE(DA46:DB46),IF(AND(DA46<4.01,DB46<>""),DA46,IF(DB46<7,DA46,7))))) -> 0 | DD46: =IF(AND(DA46>=7,DB46<>""),"DEJE EN BLANCO EL CASILLERO SUPLETORIO",IF(DA46="","",IF(AND(DA46<5,DB46<>""),"NO PUEDE RENDIR SUPLETORIO;REPRUEBA EL GRADO",IF(DC46<7,"NO PROMOVIDO","PROMOVIDO")))) -> NO PROMOVIDO
A47: 36 | B47: ='PROY. INTER'!B47 | C47: ='PROY. INTER'!C47 | V47: =IFERROR(TRUNC(AVERAGE(D47:U47),2),"")*70/100 -> 0 | X47: ='PROY. INTER'!W47 -> 0 | Y47: =AVERAGE(W47:X47) -> 0 | Z47: =Y47*30/100 -> 0 | AA47: =IFERROR(TRUNC(SUM(V47+Z47),2),"") -> 0 | AE47: 36 | AF47: =B47 | AG47: =C47 | AZ47: =IFERROR(TRUNC(AVERAGE(AH47:AY47),2),"")*70/100 -> 0 | BB47: ='PROY. INTER'!AX47 -> 0 | BC47: =AVERAGE(BA47:BB47) -> 0 | BD47: =BC47*30/100 -> 0 | BE47: =IFERROR(TRUNC(SUM(AZ47+BD47),2),"") -> 0 | BI47: 36 | BJ47: =B47 | BK47: =C47 | CD47: =IFERROR(TRUNC(AVERAGE(BL47:CC47),2),"")*70/100 -> 0 | CF47: ='PROY. INTER'!BY47 -> 0 | CG47: =AVERAGE(CE47:CF47) -> 0 | CH47: =CG47*30/100 -> 0 | CI47: =IFERROR(TRUNC(SUM(CD47+CH47),2),"") -> 0 | CM47: 36 | CN47: =B47 | CO47: =C47 | CP47: =AA47 -> 0 | CQ47: =BE47 -> 0 | CR47: =CI47 -> 0 | CS47: =IFERROR(TRUNC(AVERAGE(CP47:CR47),2),"")*100/100 -> 0 | CT47: =IF(CS47="","",IF(CS47>=7,"APROBADO",IF(AND(CS47<=6.99,CS47>=5),"SUPLETORIO","REPROBADO"))) -> REPROBADO | CX47: 36 | CY47: =B47 | CZ47: =C47 | DA47: =CS47 -> 0 | DC47: =IF(DA47>=7,DA47,IF(DA47="","",IF(DB47="",AVERAGE(DA47:DB47),IF(AND(DA47<4.01,DB47<>""),DA47,IF(DB47<7,DA47,7))))) -> 0 | DD47: =IF(AND(DA47>=7,DB47<>""),"DEJE EN BLANCO EL CASILLERO SUPLETORIO",IF(DA47="","",IF(AND(DA47<5,DB47<>""),"NO PUEDE RENDIR SUPLETORIO;REPRUEBA EL GRADO",IF(DC47<7,"NO PROMOVIDO","PROMOVIDO")))) -> NO PROMOVIDO
... A50: 39 | B50: ='PROY. INTER'!B50 | C50: ='PROY. INTER'!C50 | V50: =IFERROR(TRUNC(AVERAGE(D50:U50),2),"")*70/100 -> 0 | X50: ='PROY. INTER'!W50 -> 0 | Y50: =AVERAGE(W50:X50) -> 0 | Z50: =Y50*30/100 -> 0 | AA50: =IFERROR(TRUNC(SUM(V50+Z50),2),"") -> 0 | AE50: 39 | AF50: =B50 | AG50: =C50 | AZ50: =IFERROR(TRUNC(AVERAGE(AH50:AY50),2),"")*70/100 -> 0 | BB50: ='PROY. INTER'!AX50 -> 0 | BC50: =AVERAGE(BA50:BB50) -> 0 | BD50: =BC50*30/100 -> 0 | BE50: =IFERROR(TRUNC(SUM(AZ50+BD50),2),"") -> 0 | BI50: 39 | BJ50: =B50 | BK50: =C50 | CD50: =IFERROR(TRUNC(AVERAGE(BL50:CC50),2),"")*70/100 -> 0 | CF50: ='PROY. INTER'!BY50 -> 0 | CG50: =AVERAGE(CE50:CF50) -> 0 | CH50: =CG50*30/100 -> 0 | CI50: =IFERROR(TRUNC(SUM(CD50+CH50),2),"") -> 0 | CM50: 39 | CN50: =B50 | CO50: =C50 | CP50: =AA50 -> 0 | CQ50: =BE50 -> 0 | CR50: =CI50 -> 0 | CS50: =IFERROR(TRUNC(AVERAGE(CP50:CR50),2),"")*100/100 -> 0 | CT50: =IF(CS50="","",IF(CS50>=7,"APROBADO",IF(AND(CS50<=6.99,CS50>=5),"SUPLETORIO","REPROBADO"))) -> REPROBADO | CX50: 39 | CY50: =B50 | CZ50: =C50 | DA50: =CS50 -> 0 | DC50: =IF(DA50>=7,DA50,IF(DA50="","",IF(DB50="",AVERAGE(DA50:DB50),IF(AND(DA50<4.01,DB50<>""),DA50,IF(DB50<7,DA50,7))))) -> 0 | DD50: =IF(AND(DA50>=7,DB50<>""),"DEJE EN BLANCO EL CASILLERO SUPLETORIO",IF(DA50="","",IF(AND(DA50<5,DB50<>""),"NO PUEDE RENDIR SUPLETORIO;REPRUEBA EL GRADO",IF(DC50<7,"NO PROMOVIDO","PROMOVIDO")))) -> NO PROMOVIDO
A51: 40 | B51: ='PROY. INTER'!B56 | C51: ='PROY. INTER'!C56 | V51: =IFERROR(TRUNC(AVERAGE(D51:U51),2),"")*70/100 -> 0 | X51: ='PROY. INTER'!W56 -> 0 | Y51: =AVERAGE(W51:X51) -> 0 | Z51: =Y51*30/100 -> 0 | AA51: =IFERROR(TRUNC(SUM(V51+Z51),2),"") -> 0 | AE51: 40 | AF51: =B51 | AG51: =C51 | AZ51: =IFERROR(TRUNC(AVERAGE(AH51:AY51),2),"")*70/100 -> 0 | BB51: ='PROY. INTER'!AX56 -> 0 | BC51: =AVERAGE(BA51:BB51) -> 0 | BD51: =BC51*30/100 -> 0 | BE51: =IFERROR(TRUNC(SUM(AZ51+BD51),2),"") -> 0 | BI51: 40 | BJ51: =B51 | BK51: =C51 | CD51: =IFERROR(TRUNC(AVERAGE(BL51:CC51),2),"")*70/100 -> 0 | CF51: ='PROY. INTER'!BY56 -> 0 | CG51: =AVERAGE(CE51:CF51) -> 0 | CH51: =CG51*30/100 -> 0 | CI51: =IFERROR(TRUNC(SUM(CD51+CH51),2),"") -> 0 | CM51: 40 | CN51: =B51 | CO51: =C51 | CP51: =AA51 -> 0 | CQ51: =BE51 -> 0 | CR51: =CI51 -> 0 | CS51: =IFERROR(TRUNC(AVERAGE(CP51:CR51),2),"")*100/100 -> 0 | CT51: =IF(CS51="","",IF(CS51>=7,"APROBADO",IF(AND(CS51<=6.99,CS51>=5),"SUPLETORIO","REPROBADO"))) -> REPROBADO | CX51: 40 | CY51: =B51 | CZ51: =C51 | DA51: =CS51 -> 0 | DC51: =IF(DA51>=7,DA51,IF(DA51="","",IF(DB51="",AVERAGE(DA51:DB51),IF(AND(DA51<4.01,DB51<>""),DA51,IF(DB51<7,DA51,7))))) -> 0 | DD51: =IF(AND(DA51>=7,DB51<>""),"DEJE EN BLANCO EL CASILLERO SUPLETORIO",IF(DA51="","",IF(AND(DA51<5,DB51<>""),"NO PUEDE RENDIR SUPLETORIO;REPRUEBA EL GRADO",IF(DC51<7,"NO PROMOVIDO","PROMOVIDO")))) -> NO PROMOVIDO
A52: 41 | B52: ='PROY. INTER'!B57 | C52: ='PROY. INTER'!C57 | V52: =IFERROR(TRUNC(AVERAGE(D52:U52),2),"")*70/100 -> 0 | X52: ='PROY. INTER'!W57 -> 0 | Y52: =AVERAGE(W52:X52) -> 0 | Z52: =Y52*30/100 -> 0 | AA52: =IFERROR(TRUNC(SUM(V52+Z52),2),"") -> 0 | AE52: 41 | AF52: =B52 | AG52: =C52 | AZ52: =IFERROR(TRUNC(AVERAGE(AH52:AY52),2),"")*70/100 -> 0 | BB52: ='PROY. INTER'!AX57 -> 0 | BC52: =AVERAGE(BA52:BB52) -> 0 | BD52: =BC52*30/100 -> 0 | BE52: =IFERROR(TRUNC(SUM(AZ52+BD52),2),"") -> 0 | BI52: 41 | BJ52: =B52 | BK52: =C52 | CD52: =IFERROR(TRUNC(AVERAGE(BL52:CC52),2),"")*70/100 -> 0 | CF52: ='PROY. INTER'!BY57 -> 0 | CG52: =AVERAGE(CE52:CF52) -> 0 | CH52: =CG52*30/100 -> 0 | CI52: =IFERROR(TRUNC(SUM(CD52+CH52),2),"") -> 0 | CM52: 41 | CN52: =B52 | CO52: =C52 | CP52: =AA52 -> 0 | CQ52: =BE52 -> 0 | CR52: =CI52 -> 0 | CS52: =IFERROR(TRUNC(AVERAGE(CP52:CR52),2),"")*100/100 -> 0 | CT52: =IF(CS52="","",IF(CS52>=7,"APROBADO",IF(AND(CS52<=6.99,CS52>=5),"SUPLETORIO","REPROBADO"))) -> REPROBADO | CX52: 41 | CY52: =B52 | CZ52: =C52 | DA52: =CS52 -> 0 | DC52: =IF(DA52>=7,DA52,IF(DA52="","",IF(DB52="",AVERAGE(DA52:DB52),IF(AND(DA52<4.01,DB52<>""),DA52,IF(DB52<7,DA52,7))))) -> 0 | DD52: =IF(AND(DA52>=7,DB52<>""),"DEJE EN BLANCO EL CASILLERO SUPLETORIO",IF(DA52="","",IF(AND(DA52<5,DB52<>""),"NO PUEDE RENDIR SUPLETORIO;REPRUEBA EL GRADO",IF(DC52<7,"NO PROMOVIDO","PROMOVIDO")))) -> NO PROMOVIDO
A53: 42 | B53: ='PROY. INTER'!B58 | C53: ='PROY. INTER'!C58 | V53: =IFERROR(TRUNC(AVERAGE(D53:U53),2),"")*70/100 -> 0 | X53: ='PROY. INTER'!W58 -> 0 | Y53: =AVERAGE(W53:X53) -> 0 | Z53: =Y53*30/100 -> 0 | AA53: =IFERROR(TRUNC(SUM(V53+Z53),2),"") -> 0 | AE53: 42 | AF53: =B53 | AG53: =C53 | AZ53: =IFERROR(TRUNC(AVERAGE(AH53:AY53),2),"")*70/100 -> 0 | BB53: ='PROY. INTER'!AX58 -> 0 | BC53: =AVERAGE(BA53:BB53) -> 0 | BD53: =BC53*30/100 -> 0 | BE53: =IFERROR(TRUNC(SUM(AZ53+BD53),2),"") -> 0 | BI53: 42 | BJ53: =B53 | BK53: =C53 | CD53: =IFERROR(TRUNC(AVERAGE(BL53:CC53),2),"")*70/100 -> 0 | CF53: ='PROY. INTER'!BY58 -> 0 | CG53: =AVERAGE(CE53:CF53) -> 0 | CH53: =CG53*30/100 -> 0 | CI53: =IFERROR(TRUNC(SUM(CD53+CH53),2),"") -> 0 | CM53: 42 | CN53: =B53 | CO53: =C53 | CP53: =AA53 -> 0 | CQ53: =BE53 -> 0 | CR53: =CI53 -> 0 | CS53: =IFERROR(TRUNC(AVERAGE(CP53:CR53),2),"")*100/100 -> 0 | CT53: =IF(CS53="","",IF(CS53>=7,"APROBADO",IF(AND(CS53<=6.99,CS53>=5),"SUPLETORIO","REPROBADO"))) -> REPROBADO | CX53: 42 | CY53: =B53 | CZ53: =C53 | DA53: =CS53 -> 0 | DC53: =IF(DA53>=7,DA53,IF(DA53="","",IF(DB53="",AVERAGE(DA53:DB53),IF(AND(DA53<4.01,DB53<>""),DA53,IF(DB53<7,DA53,7))))) -> 0 | DD53: =IF(AND(DA53>=7,DB53<>""),"DEJE EN BLANCO EL CASILLERO SUPLETORIO",IF(DA53="","",IF(AND(DA53<5,DB53<>""),"NO PUEDE RENDIR SUPLETORIO;REPRUEBA EL GRADO",IF(DC53<7,"NO PROMOVIDO","PROMOVIDO")))) -> NO PROMOVIDO
A54: 43 | B54: ='PROY. INTER'!B60 | C54: ='PROY. INTER'!C60 | V54: =IFERROR(TRUNC(AVERAGE(D54:U54),2),"")*70/100 -> 0 | X54: ='PROY. INTER'!W60 -> 0 | Y54: =AVERAGE(W54:X54) -> 0 | Z54: =Y54*30/100 -> 0 | AA54: =IFERROR(TRUNC(SUM(V54+Z54),2),"") -> 0 | AE54: 43 | AF54: =B54 | AG54: =C54 | AZ54: =IFERROR(TRUNC(AVERAGE(AH54:AY54),2),"")*70/100 -> 0 | BB54: ='PROY. INTER'!AX60 -> 0 | BC54: =AVERAGE(BA54:BB54) -> 0 | BD54: =BC54*30/100 -> 0 | BE54: =IFERROR(TRUNC(SUM(AZ54+BD54),2),"") -> 0 | BI54: 43 | BJ54: =B54 | BK54: =C54 | CD54: =IFERROR(TRUNC(AVERAGE(BL54:CC54),2),"")*70/100 -> 0 | CF54: ='PROY. INTER'!BY60 -> 0 | CG54: =AVERAGE(CE54:CF54) -> 0 | CH54: =CG54*30/100 -> 0 | CI54: =IFERROR(TRUNC(SUM(CD54+CH54),2),"") -> 0 | CM54: 43 | CN54: =B54 | CO54: =C54 | CP54: =AA54 -> 0 | CQ54: =BE54 -> 0 | CR54: =CI54 -> 0 | CS54: =IFERROR(TRUNC(AVERAGE(CP54:CR54),2),"")*100/100 -> 0 | CT54: =IF(CS54="","",IF(CS54>=7,"APROBADO",IF(AND(CS54<=6.99,CS54>=5),"SUPLETORIO","REPROBADO"))) -> REPROBADO | CX54: 43 | CY54: =B54 | CZ54: =C54 | DA54: =CS54 -> 0 | DC54: =IF(DA54>=7,DA54,IF(DA54="","",IF(DB54="",AVERAGE(DA54:DB54),IF(AND(DA54<4.01,DB54<>""),DA54,IF(DB54<7,DA54,7))))) -> 0 | DD54: =IF(AND(DA54>=7,DB54<>""),"DEJE EN BLANCO EL CASILLERO SUPLETORIO",IF(DA54="","",IF(AND(DA54<5,DB54<>""),"NO PUEDE RENDIR SUPLETORIO;REPRUEBA EL GRADO",IF(DC54<7,"NO PROMOVIDO","PROMOVIDO")))) -> NO PROMOVIDO
A55: 44 | B55: ='PROY. INTER'!B61 | C55: ='PROY. INTER'!C61 | V55: =IFERROR(TRUNC(AVERAGE(D55:U55),2),"")*70/100 -> 0 | X55: ='PROY. INTER'!W61 -> 0 | Y55: =AVERAGE(W55:X55) -> 0 | Z55: =Y55*30/100 -> 0 | AA55: =IFERROR(TRUNC(SUM(V55+Z55),2),"") -> 0 | AE55: 44 | AF55: =B55 | AG55: =C55 | AZ55: =IFERROR(TRUNC(AVERAGE(AH55:AY55),2),"")*70/100 -> 0 | BB55: ='PROY. INTER'!AX61 -> 0 | BC55: =AVERAGE(BA55:BB55) -> 0 | BD55: =BC55*30/100 -> 0 | BE55: =IFERROR(TRUNC(SUM(AZ55+BD55),2),"") -> 0 | BI55: 44 | BJ55: =B55 | BK55: =C55 | CD55: =IFERROR(TRUNC(AVERAGE(BL55:CC55),2),"")*70/100 -> 0 | CF55: ='PROY. INTER'!BY61 -> 0 | CG55: =AVERAGE(CE55:CF55) -> 0 | CH55: =CG55*30/100 -> 0 | CI55: =IFERROR(TRUNC(SUM(CD55+CH55),2),"") -> 0 | CM55: 44 | CN55: =B55 | CO55: =C55 | CP55: =AA55 -> 0 | CQ55: =BE55 -> 0 | CR55: =CI55 -> 0 | CS55: =IFERROR(TRUNC(AVERAGE(CP55:CR55),2),"")*100/100 -> 0 | CT55: =IF(CS55="","",IF(CS55>=7,"APROBADO",IF(AND(CS55<=6.99,CS55>=5),"SUPLETORIO","REPROBADO"))) -> REPROBADO | CX55: 44 | CY55: =B55 | CZ55: =C55 | DA55: =CS55 -> 0 | DC55: =IF(DA55>=7,DA55,IF(DA55="","",IF(DB55="",AVERAGE(DA55:DB55),IF(AND(DA55<4.01,DB55<>""),DA55,IF(DB55<7,DA55,7))))) -> 0 | DD55: =IF(AND(DA55>=7,DB55<>""),"DEJE EN BLANCO EL CASILLERO SUPLETORIO",IF(DA55="","",IF(AND(DA55<5,DB55<>""),"NO PUEDE RENDIR SUPLETORIO;REPRUEBA EL GRADO",IF(DC55<7,"NO PROMOVIDO","PROMOVIDO")))) -> NO PROMOVIDO
A56: 45 | B56: ='PROY. INTER'!B62 | C56: ='PROY. INTER'!C62 | V56: =IFERROR(TRUNC(AVERAGE(D56:U56),2),"")*70/100 -> 0 | X56: ='PROY. INTER'!W62 | Y56: =AVERAGE(W56:X56) -> #DIV/0! | Z56: =Y56*30/100 -> #DIV/0! | AA56: =IFERROR(TRUNC(SUM(V56+Z56),2),"") | AE56: 45 | AF56: =B56 | AG56: =C56 | AZ56: =IFERROR(TRUNC(AVERAGE(AH56:AY56),2),"")*70/100 -> 0 | BB56: ='PROY. INTER'!AX62 | BC56: =AVERAGE(BA56:BB56) -> #DIV/0! | BD56: =BC56*30/100 -> #DIV/0! | BE56: =IFERROR(TRUNC(SUM(AZ56+BD56),2),"") | BI56: 45 | BJ56: =B56 | BK56: =C56 | CD56: =IFERROR(TRUNC(AVERAGE(BL56:CC56),2),"")*70/100 -> 0 | CF56: ='PROY. INTER'!BY62 | CG56: =AVERAGE(CE56:CF56) -> #DIV/0! | CH56: =CG56*30/100 -> #DIV/0! | CI56: =IFERROR(TRUNC(SUM(CD56+CH56),2),"") | CM56: 45 | CN56: =B56 | CO56: =C56 | CP56: =AA56 | CQ56: =BE56 | CR56: =CI56 | CS56: =IFERROR(TRUNC(AVERAGE(CP56:CR56),2),"")*100/100 -> 0 | CT56: =IF(CS56="","",IF(CS56>=7,"APROBADO",IF(AND(CS56<=6.99,CS56>=5),"SUPLETORIO","REPROBADO"))) -> REPROBADO | CX56: 45 | CY56: =B56 | CZ56: =C56 | DA56: =CS56 -> 0 | DC56: =IF(DA56>=7,DA56,IF(DA56="","",IF(DB56="",AVERAGE(DA56:DB56),IF(AND(DA56<4.01,DB56<>""),DA56,IF(DB56<7,DA56,7))))) -> 0 | DD56: =IF(AND(DA56>=7,DB56<>""),"DEJE EN BLANCO EL CASILLERO SUPLETORIO",IF(DA56="","",IF(AND(DA56<5,DB56<>""),"NO PUEDE RENDIR SUPLETORIO;REPRUEBA EL GRADO",IF(DC56<7,"NO PROMOVIDO","PROMOVIDO")))) -> NO PROMOVIDO
A57: 46 | B57: ='PROY. INTER'!B63 | C57: ='PROY. INTER'!C63 | V57: =IFERROR(TRUNC(AVERAGE(D57:U57),2),"")*70/100 -> 0 | X57: ='PROY. INTER'!W63 | Y57: =AVERAGE(W57:X57) -> #DIV/0! | Z57: =Y57*30/100 -> #DIV/0! | AA57: =IFERROR(TRUNC(SUM(V57+Z57),2),"") | AE57: 46 | AF57: =B57 | AG57: =C57 | AZ57: =IFERROR(TRUNC(AVERAGE(AH57:AY57),2),"")*70/100 -> 0 | BB57: ='PROY. INTER'!AX63 | BC57: =AVERAGE(BA57:BB57) -> #DIV/0! | BD57: =BC57*30/100 -> #DIV/0! | BE57: =IFERROR(TRUNC(SUM(AZ57+BD57),2),"") | BI57: 46 | BJ57: =B57 | BK57: =C57 | CD57: =IFERROR(TRUNC(AVERAGE(BL57:CC57),2),"")*70/100 -> 0 | CF57: ='PROY. INTER'!BY63 | CG57: =AVERAGE(CE57:CF57) -> #DIV/0! | CH57: =CG57*30/100 -> #DIV/0! | CI57: =IFERROR(TRUNC(SUM(CD57+CH57),2),"") | CM57: 46 | CN57: =B57 | CO57: =C57 | CP57: =AA57 | CQ57: =BE57 | CR57: =CI57 | CS57: =IFERROR(TRUNC(AVERAGE(CP57:CR57),2),"")*100/100 -> 0 | CT57: =IF(CS57="","",IF(CS57>=7,"APROBADO",IF(AND(CS57<=6.99,CS57>=5),"SUPLETORIO","REPROBADO"))) -> REPROBADO | CX57: 46 | CY57: =B57 | CZ57: =C57 | DA57: =CS57 -> 0 | DC57: =IF(DA57>=7,DA57,IF(DA57="","",IF(DB57="",AVERAGE(DA57:DB57),IF(AND(DA57<4.01,DB57<>""),DA57,IF(DB57<7,DA57,7))))) -> 0 | DD57: =IF(AND(DA57>=7,DB57<>""),"DEJE EN BLANCO EL CASILLERO SUPLETORIO",IF(DA57="","",IF(AND(DA57<5,DB57<>""),"NO PUEDE RENDIR SUPLETORIO;REPRUEBA EL GRADO",IF(DC57<7,"NO PROMOVIDO","PROMOVIDO")))) -> NO PROMOVIDO
A58: 47 | B58: ='PROY. INTER'!B64 | C58: ='PROY. INTER'!C64 | V58: =IFERROR(TRUNC(AVERAGE(D58:U58),2),"")*70/100 -> 0 | X58: ='PROY. INTER'!W64 | Y58: =AVERAGE(W58:X58) -> #DIV/0! | Z58: =Y58*30/100 -> #DIV/0! | AA58: =IFERROR(TRUNC(SUM(V58+Z58),2),"") | AE58: 47 | AF58: =B58 | AG58: =C58 | AZ58: =IFERROR(TRUNC(AVERAGE(AH58:AY58),2),"")*70/100 -> 0 | BB58: ='PROY. INTER'!AX64 | BC58: =AVERAGE(BA58:BB58) -> #DIV/0! | BD58: =BC58*30/100 -> #DIV/0! | BE58: =IFERROR(TRUNC(SUM(AZ58+BD58),2),"") | BI58: 47 | BJ58: =B58 | BK58: =C58 | CD58: =IFERROR(TRUNC(AVERAGE(BL58:CC58),2),"")*70/100 -> 0 | CF58: ='PROY. INTER'!BY64 | CG58: =AVERAGE(CE58:CF58) -> #DIV/0! | CH58: =CG58*30/100 -> #DIV/0! | CI58: =IFERROR(TRUNC(SUM(CD58+CH58),2),"") | CM58: 47 | CN58: =B58 | CO58: =C58 | CP58: =AA58 | CQ58: =BE58 | CR58: =CI58 | CS58: =IFERROR(TRUNC(AVERAGE(CP58:CR58),2),"")*100/100 -> 0 | CT58: =IF(CS58="","",IF(CS58>=7,"APROBADO",IF(AND(CS58<=6.99,CS58>=5),"SUPLETORIO","REPROBADO"))) -> REPROBADO | CX58: 47 | CY58: =B58 | CZ58: =C58 | DA58: =CS58 -> 0 | DC58: =IF(DA58>=7,DA58,IF(DA58="","",IF(DB58="",AVERAGE(DA58:DB58),IF(AND(DA58<4.01,DB58<>""),DA58,IF(DB58<7,DA58,7))))) -> 0 | DD58: =IF(AND(DA58>=7,DB58<>""),"DEJE EN BLANCO EL CASILLERO SUPLETORIO",IF(DA58="","",IF(AND(DA58<5,DB58<>""),"NO PUEDE RENDIR SUPLETORIO;REPRUEBA EL GRADO",IF(DC58<7,"NO PROMOVIDO","PROMOVIDO")))) -> NO PROMOVIDO
A59: 48 | B59: ='PROY. INTER'!B65 | C59: ='PROY. INTER'!C65 | V59: =IFERROR(TRUNC(AVERAGE(D59:U59),2),"")*70/100 -> 0 | X59: ='PROY. INTER'!W65 | Y59: =AVERAGE(W59:X59) -> #DIV/0! | Z59: =Y59*30/100 -> #DIV/0! | AA59: =IFERROR(TRUNC(SUM(V59+Z59),2),"") | AE59: 48 | AF59: =B59 | AG59: =C59 | AZ59: =IFERROR(TRUNC(AVERAGE(AH59:AY59),2),"")*70/100 -> 0 | BB59: ='PROY. INTER'!AX65 | BC59: =AVERAGE(BA59:BB59) -> #DIV/0! | BD59: =BC59*30/100 -> #DIV/0! | BE59: =IFERROR(TRUNC(SUM(AZ59+BD59),2),"") | BI59: 48 | BJ59: =B59 | BK59: =C59 | CD59: =IFERROR(TRUNC(AVERAGE(BL59:CC59),2),"")*70/100 -> 0 | CF59: ='PROY. INTER'!BY65 | CG59: =AVERAGE(CE59:CF59) -> #DIV/0! | CH59: =CG59*30/100 -> #DIV/0! | CI59: =IFERROR(TRUNC(SUM(CD59+CH59),2),"") | CM59: 48 | CN59: =B59 | CO59: =C59 | CP59: =AA59 | CQ59: =BE59 | CR59: =CI59 | CS59: =IFERROR(TRUNC(AVERAGE(CP59:CR59),2),"")*100/100 -> 0 | CT59: =IF(CS59="","",IF(CS59>=7,"APROBADO",IF(AND(CS59<=6.99,CS59>=5),"SUPLETORIO","REPROBADO"))) -> REPROBADO | CX59: 48 | CY59: =B59 | CZ59: =C59 | DA59: =CS59 -> 0 | DC59: =IF(DA59>=7,DA59,IF(DA59="","",IF(DB59="",AVERAGE(DA59:DB59),IF(AND(DA59<4.01,DB59<>""),DA59,IF(DB59<7,DA59,7))))) -> 0 | DD59: =IF(AND(DA59>=7,DB59<>""),"DEJE EN BLANCO EL CASILLERO SUPLETORIO",IF(DA59="","",IF(AND(DA59<5,DB59<>""),"NO PUEDE RENDIR SUPLETORIO;REPRUEBA EL GRADO",IF(DC59<7,"NO PROMOVIDO","PROMOVIDO")))) -> NO PROMOVIDO
A60: 49 | B60: ='PROY. INTER'!B66 | C60: ='PROY. INTER'!C66 | V60: =IFERROR(TRUNC(AVERAGE(D60:U60),2),"")*70/100 -> 0 | X60: ='PROY. INTER'!W66 | Y60: =AVERAGE(W60:X60) -> #DIV/0! | Z60: =Y60*30/100 -> #DIV/0! | AA60: =IFERROR(TRUNC(SUM(V60+Z60),2),"") | AE60: 49 | AF60: =B60 | AG60: =C60 | AZ60: =IFERROR(TRUNC(AVERAGE(AH60:AY60),2),"")*70/100 -> 0 | BB60: ='PROY. INTER'!AX66 | BC60: =AVERAGE(BA60:BB60) -> #DIV/0! | BD60: =BC60*30/100 -> #DIV/0! | BE60: =IFERROR(TRUNC(SUM(AZ60+BD60),2),"") | BI60: 49 | BJ60: =B60 | BK60: =C60 | CD60: =IFERROR(TRUNC(AVERAGE(BL60:CC60),2),"")*70/100 -> 0 | CF60: ='PROY. INTER'!BY66 | CG60: =AVERAGE(CE60:CF60) -> #DIV/0! | CH60: =CG60*30/100 -> #DIV/0! | CI60: =IFERROR(TRUNC(SUM(CD60+CH60),2),"") | CM60: 49 | CN60: =B60 | CO60: =C60 | CP60: =AA60 | CQ60: =BE60 | CR60: =CI60 | CS60: =IFERROR(TRUNC(AVERAGE(CP60:CR60),2),"")*100/100 -> 0 | CT60: =IF(CS60="","",IF(CS60>=7,"APROBADO",IF(AND(CS60<=6.99,CS60>=5),"SUPLETORIO","REPROBADO"))) -> REPROBADO | CX60: 49 | CY60: =B60 | CZ60: =C60 | DA60: =CS60 -> 0 | DC60: =IF(DA60>=7,DA60,IF(DA60="","",IF(DB60="",AVERAGE(DA60:DB60),IF(AND(DA60<4.01,DB60<>""),DA60,IF(DB60<7,DA60,7))))) -> 0 | DD60: =IF(AND(DA60>=7,DB60<>""),"DEJE EN BLANCO EL CASILLERO SUPLETORIO",IF(DA60="","",IF(AND(DA60<5,DB60<>""),"NO PUEDE RENDIR SUPLETORIO;REPRUEBA EL GRADO",IF(DC60<7,"NO PROMOVIDO","PROMOVIDO")))) -> NO PROMOVIDO
A61: 50 | B61: ='PROY. INTER'!B67 | C61: ='PROY. INTER'!C67 | V61: =IFERROR(TRUNC(AVERAGE(D61:U61),2),"")*70/100 -> 0 | X61: ='PROY. INTER'!W67 | Y61: =AVERAGE(W61:X61) -> #DIV/0! | Z61: =Y61*30/100 -> #DIV/0! | AA61: =IFERROR(TRUNC(SUM(V61+Z61),2),"") | AE61: 50 | AF61: =B61 | AG61: =C61 | AZ61: =IFERROR(TRUNC(AVERAGE(AH61:AY61),2),"")*70/100 -> 0 | BB61: ='PROY. INTER'!AX67 | BC61: =AVERAGE(BA61:BB61) -> #DIV/0! | BD61: =BC61*30/100 -> #DIV/0! | BE61: =IFERROR(TRUNC(SUM(AZ61+BD61),2),"") | BI61: 50 | BJ61: =B61 | BK61: =C61 | CD61: =IFERROR(TRUNC(AVERAGE(BL61:CC61),2),"")*70/100 -> 0 | CF61: ='PROY. INTER'!BY67 | CG61: =AVERAGE(CE61:CF61) -> #DIV/0! | CH61: =CG61*30/100 -> #DIV/0! | CI61: =IFERROR(TRUNC(SUM(CD61+CH61),2),"") | CM61: 50 | CN61: =B61 | CO61: =C61 | CP61: =AA61 | CQ61: =BE61 | CR61: =CI61 | CS61: =IFERROR(TRUNC(AVERAGE(CP61:CR61),2),"")*100/100 -> 0 | CT61: =IF(CS61="","",IF(CS61>=7,"APROBADO",IF(AND(CS61<=6.99,CS61>=5),"SUPLETORIO","REPROBADO"))) -> REPROBADO | CX61: 50 | CY61: =B61 | CZ61: =C61 | DA61: =CS61 -> 0 | DC61: =IF(DA61>=7,DA61,IF(DA61="","",IF(DB61="",AVERAGE(DA61:DB61),IF(AND(DA61<4.01,DB61<>""),DA61,IF(DB61<7,DA61,7))))) -> 0 | DD61: =IF(AND(DA61>=7,DB61<>""),"DEJE EN BLANCO EL CASILLERO SUPLETORIO",IF(DA61="","",IF(AND(DA61<5,DB61<>""),"NO PUEDE RENDIR SUPLETORIO;REPRUEBA EL GRADO",IF(DC61<7,"NO PROMOVIDO","PROMOVIDO")))) -> NO PROMOVIDO
CO63: ESTUDIANTES: | CP63: =COUNTIF(CS12:CS61,">0") -> 24
CO64: PROMEDIO DE RENDIMIENTO | CP64: =SUM(CS12:CS61)/CP63 -> 5.6916667
CO66: CALIFICACIÓN ANUAL | CQ66: =#REF! -> #REF!
CO67: RANGOS | CQ67: Esc. | CR67: Cant.
CO68: RANGO (10-9 PTS) D.A.R | CQ68: D.A.R | CR68: =COUNTIF(CS12:CS61,">8,99") -> 0
CO69: RANGO (8,99-7 PTS) A.A.R | CQ69: A.A.R | CR69: =COUNTIF(CS12:CS61,">6,99")-CR68 -> 0
CO70: RANGO (6,99-4,01 PTS) P.A.A.R | CQ70: P.A.A.R | CR70: =COUNTIF(CS12:CS61,">4")-CR69-CR68 -> 24
CO71: RANGO (<=4 PTS) N.A.A.R | CQ71: N.A.A.R | CR71: =COUNTIF(CS12:CS61,">0")-CR70-CR69-CR68 -> 0
CQ72: TOTAL | CR72: =SUM(CR68:CR71) -> 24
CO77: DOCENTE TUTOR (A) | CS77: VICERRECTOR/A

Sheet MATE
A2: INSTITUCIÓN: | C2: UNIDAD EDUCATIVA EMILIO ISAÍAS ABIHANNA | AE2: INSTITUCIÓN: | AG2: =C2 -> UNIDAD EDUCATIVA EMILIO ISAÍAS ABIHANNA | BI2: INSTITUCIÓN: | BK2: =C2 -> UNIDAD EDUCATIVA EMILIO ISAÍAS ABIHANNA | CM2: INSTITUCIÓN: | CO2: =C2 -> UNIDAD EDUCATIVA EMILIO ISAÍAS ABIHANNA | CX2: INSTITUCIÓN: | CZ2: =C2 -> UNIDAD EDUCATIVA EMILIO ISAÍAS ABIHANNA
A3: DOCENTE: | C3: COCA AGURTO ESTEBENSON | AE3: DOCENTE: | AG3: =C3 -> COCA AGURTO ESTEBENSON | BI3: DOCENTE: | BK3: =C3 -> COCA AGURTO ESTEBENSON | CM3: DOCENTE: | CO3: =C3 -> COCA AGURTO ESTEBENSON | CX3: DOCENTE: | CZ3: =C3 -> COCA AGURTO ESTEBENSON
A4: GRADO: | C4: =LEN!C4 -> 1ER. AÑO DE BACHILLERATO TECNICO | D4: PARALELO: | G4: =LEN!G4 -> B | AE4: GRADO: | AG4: =C4 -> 1ER. AÑO DE BACHILLERATO TECNICO | AH4: PARALELO: | AK4: =G4 -> B | BI4: GRADO: | BK4: =C4 -> 1ER. AÑO DE BACHILLERATO TECNICO | BL4: PARALELO: | BO4: =G4 -> B | CM4: GRADO: | CO4: =C4 -> 1ER. AÑO DE BACHILLERATO TECNICO | CP4: PARALELO: | CR4: =G4 -> B | CX4: GRADO: | CZ4: =C4 -> 1ER. AÑO DE BACHILLERATO TECNICO | DA4: PARALELO: | DD4: =G4 -> B
A6: PRIMER TRIMESTRE | AE6: SEGUNDO TRIMESTRE | BI6: TERCER TRIMESTRE | CM6: CALIFICACIONES TRIMESTRALES | CX6: SUPLETORIO
A7: MATERIA: MATEMATICA | AE7: =A7 -> MATERIA: MATEMATICA | BI7: =A7 -> MATERIA: MATEMATICA | CM7: =A7 -> MATERIA: MATEMATICA | CX7: =A7 -> MATERIA: MATEMATICA
A8: ESTUDIANTES | D8: EVALUACIÓN FORMATIVA | T8: REFUERZO PEDAGÓGICO | V8: TOTAL 70% | W8: EXAMEN DEL PRIMER TRIMESTRE | X8: PROYECTO INTERDISCIPLINARIO | Y8: EVALUACIÓN SUMATIVA (PROMEDIO DE EXAMEN+PROYECTO INTERDISCIPLINARIO) | Z8: 0.3 | AA8: TOTAL TRIMESTRE (100%) | AE8: ESTUDIANTES | AH8: EVALUACIÓN FORMATIVA | AX8: REFUERZO PEDAGÓGICO | AZ8: TOTAL 70% | BA8: EXAMEN DEL PRIMER TRIMESTRE | BB8: PROYECTO INTERDISCIPLINARIO | BC8: EVALUACIÓN SUMATIVA (PROMEDIO DE EXAMEN+PROYECTO INTERDISCIPLINARIO) | BD8: 0.3 | BE8: TOTAL TRIMESTRE (100%) | BI8: ESTUDIANTES | BL8: EVALUACIÓN FORMATIVA | CB8: REFUERZO PEDAGÓGICO | CD8: TOTAL 70% | CE8: EXAMEN DEL PRIMER TRIMESTRE | CF8: PROYECTO INTERDISCIPLINARIO | CG8: EVALUACIÓN SUMATIVA (PROMEDIO DE EXAMEN+PROYECTO INTERDISCIPLINARIO) | CH8: 0.3 | CI8: TOTAL TRIMESTRE (100%)
D9: APORTES DISCIPLINARES O INTERDISCIPLINARES INDIVIDUALES | L9: APORTES DISCIPLINARES O INTERDISCIPLINARES GRUPALES | AH9: APORTES DISCIPLINARES O INTERDISCIPLINARES INDIVIDUALES | AP9: APORTES DISCIPLINARES O INTERDISCIPLINARES GRUPALES | BL9: APORTES DISCIPLINARES O INTERDISCIPLINARES INDIVIDUALES | BT9: APORTES DISCIPLINARES O INTERDISCIPLINARES GRUPALES | CP9: =MATE!CM10 -> ESTUDIANTES
D10: Lecciones | F10: Pruebas | H10: Tareas | J10: Proyectos | L10: Proyectos | N10: Exposiciones | P10: Talleres | R10: Productos | AH10: Lecciones | AJ10: Pruebas | AL10: Tareas | AN10: Proyectos | AP10: Proyectos | AR10: Exposiciones | AT10: Talleres | AV10: Productos | BL10: Lecciones | BN10: Pruebas | BP10: Tareas | BR10: Proyectos | BT10: Proyectos | BV10: Exposiciones | BX10: Talleres | BZ10: Productos | CM10: ESTUDIANTES | CP10: TRIMESTRES | CS10: NOTA FINAL (100%) | CT10: OBSERVACIÓN | CZ10: ESTUDIANTES | DA10: CUANTIFICACION DE NOTA FINAL /ANUAL
A11: Nº | B11: CÉDULA | C11: APELLIDOS/NOMBRES | D11: INSUMO 1 | E11: INSUMO 2 | F11: INSUMO 1 | G11: INSUMO 2 | H11: INSUMO 1 | I11: INSUMO 2 | J11: INSUMO 1 | K11: INSUMO 2 | L11: INSUMO 1 | M11: INSUMO 2 | N11: INSUMO 1 | O11: INSUMO 2 | P11: INSUMO 1 | Q11: INSUMO 2 | R11: INSUMO 1 | S11: INSUMO 2 | AE11: Nº | AF11: CÉDULA | AG11: APELLIDOS/NOMBRES | AH11: INSUMO 1 | AI11: INSUMO 2 | AJ11: INSUMO 1 | AK11: INSUMO 2 | AL11: INSUMO 1 | AM11: INSUMO 2 | AN11: INSUMO 1 | AO11: INSUMO 2 | AP11: INSUMO 1 | AQ11: INSUMO 2 | AR11: INSUMO 1 | AS11: INSUMO 2 | AT11: INSUMO 1 | AU11: INSUMO 2 | AV11: INSUMO 1 | AW11: INSUMO 2 | BI11: Nº | BJ11: CÉDULA | BK11: APELLIDOS/NOMBRES | BL11: INSUMO 1 | BM11: INSUMO 2 | BN11: INSUMO 1 | BO11: INSUMO 2 | BP11: INSUMO 1 | BQ11: INSUMO 2 | BR11: INSUMO 1 | BS11: INSUMO 2 | BT11: INSUMO 1 | BU11: INSUMO 2 | BV11: INSUMO 1 | BW11: INSUMO 2 | BX11: INSUMO 1 | BY11: INSUMO 2 | BZ11: INSUMO 1 | CA11: INSUMO 2 | CM11: Nº | CN11: CÉDULA | CO11: APELLIDOS/NOMBRES | CP11: 1er | CQ11: 2do | CR11: 3er | CX11: Nº | CY11: CÉDULA | CZ11: APELLIDOS/NOMBRES | DA11: CALF. FINAL | DB11: EXA. SUPLET | DC11: FINAL ANUAL | DD11: OBSERVACIÓN
A12: 1 | B12: =LEN!B12 | C12: =LEN!C12 -> Almeida Alvarado Ariana Guisela | F12: 8 | H12: 9 | J12: 9.5 | V12: =IFERROR(TRUNC(AVERAGE(D12:U12),2),"")*70/100 -> 6.181 | W12: 9 | X12: ='PROY. INTER'!W12 -> 10 | Y12: =AVERAGE(W12:X12) -> 9.5 | Z12: =Y12*30/100 -> 2.85 | AA12: =IFERROR(TRUNC(SUM(V12+Z12),2),"") -> 9.03 | AE12: 1 | AF12: =B12 | AG12: =C12 -> Almeida Alvarado Ariana Guisela | AJ12: 9 | AL12: 10 | AN12: 9 | AZ12: =IFERROR(TRUNC(AVERAGE(AH12:AY12),2),"")*70/100 -> 6.531 | BA12: 9 | BB12: ='PROY. INTER'!AX12 -> 10 | BC12: =AVERAGE(BA12:BB12) -> 9.5 | BD12: =BC12*30/100 -> 2.85 | BE12: =IFERROR(TRUNC(SUM(AZ12+BD12),2),"") -> 9.38 | BI12: 1 | BJ12: =B12 | BK12: =C12 -> Almeida Alvarado Ariana Guisela | CD12: =IFERROR(TRUNC(AVERAGE(BL12:CC12),2),"")*70/100 -> 0 | CF12: ='PROY. INTER'!BY12 -> 0 | CG12: =AVERAGE(CE12:CF12) -> 0 | CH12: =CG12*30/100 -> 0 | CI12: =IFERROR(TRUNC(SUM(CD12+CH12),2),"") -> 0 | CM12: 1 | CN12: =B12 | CO12: =C12 -> Almeida Alvarado Ariana Guisela | CP12: =AA12 -> 9.03 | CQ12: =BE12 -> 9.38 | CR12: =CI12 -> 0 | CS12: =IFERROR(TRUNC(AVERAGE(CP12:CR12),2),"")*100/100 -> 6.13 | CT12: =IF(CS12="","",IF(CS12>=7,"APROBADO",IF(AND(CS12<=6.99,CS12>=5),"SUPLETORIO","REPROBADO"))) -> SUPLETORIO | CX12: 1 | CY12: =B12 | CZ12: =C12 -> Almeida Alvarado Ariana Guisela | DA12: =CS12 -> 6.13 | DC12: =IF(DA12>=7,DA12,IF(DA12="","",IF(DB12="",AVERAGE(DA12:DB12),IF(AND(DA12<4.01,DB12<>""),DA12,IF(DB12<7,DA12,7))))) -> 6.13 | DD12: =IF(AND(DA12>=7,DB12<>""),"DEJE EN BLANCO EL CASILLERO SUPLETORIO",IF(DA12="","",IF(AND(DA12<5,DB12<>""),"NO PUEDE RENDIR SUPLETORIO;REPRUEBA EL GRADO",IF(DC12<7,"NO PROMOVIDO","PROMOVIDO")))) -> NO PROMOVIDO
A13: 2 | B13: =LEN!B13 | C13: =LEN!C13 -> Alvarado Vargas Dacmar Alejandra | F13: 7 | H13: 8 | J13: 10 | V13: =IFERROR(TRUNC(AVERAGE(D13:U13),2),"")*70/100 -> 5.831 | W13: 8 | X13: ='PROY. INTER'!W13 -> 10 | Y13: =AVERAGE(W13:X13) -> 9 | Z13: =Y13*30/100 -> 2.7 | AA13: =IFERROR(TRUNC(SUM(V13+Z13),2),"") -> 8.53 | AE13: 2 | AF13: =B13 | AG13: =C13 -> Alvarado Vargas Dacmar Alejandra | AJ13: 8 | AL13: 9 | AN13: 8 | AZ13: =IFERROR(TRUNC(AVERAGE(AH13:AY13),2),"")*70/100 -> 5.831 | BA13: 8 | BB13: ='PROY. INTER'!AX13 -> 10 | BC13: =AVERAGE(BA13:BB13) -> 9 | BD13: =BC13*30/100 -> 2.7 | BE13: =IFERROR(TRUNC(SUM(AZ13+BD13),2),"") -> 8.53 | BI13: 2 | BJ13: =B13 | BK13: =C13 -> Alvarado Vargas Dacmar Alejandra | CD13: =IFERROR(TRUNC(AVERAGE(BL13:CC13),2),"")*70/100 -> 0 | CF13: ='PROY. INTER'!BY13 -> 0 | CG13: =AVERAGE(CE13:CF13) -> 0 | CH13: =CG13*30/100 -> 0 | CI13: =IFERROR(TRUNC(SUM(CD13+CH13),2),"") -> 0 | CM13: 2 | CN13: =B13 | CO13: =C13 -> Alvarado Vargas Dacmar Alejandra | CP13: =AA13 -> 8.53 | CQ13: =BE13 -> 8.53 | CR13: =CI13 -> 0 | CS13: =IFERROR(TRUNC(AVERAGE(CP13:CR13),2),"")*100/100 -> 5.68 | CT13: =IF(CS13="","",IF(CS13>=7,"APROBADO",IF(AND(CS13<=6.99,CS13>=5),"SUPLETORIO","REPROBADO"))) -> SUPLETORIO | CX13: 2 | CY13: =B13 | CZ13: =C13 -> Alvarado Vargas Dacmar Alejandra | DA13: =CS13 -> 5.68 | DC13: =IF(DA13>=7,DA13,IF(DA13="","",IF(DB13="",AVERAGE(DA13:DB13),IF(AND(DA13<4.01,DB13<>""),DA13,IF(DB13<7,DA13,7))))) -> 5.68 | DD13: =IF(AND(DA13>=7,DB13<>""),"DEJE EN BLANCO EL CASILLERO SUPLETORIO",IF(DA13="","",IF(AND(DA13<5,DB13<>""),"NO PUEDE RENDIR SUPLETORIO;REPRUEBA EL GRADO",IF(DC13<7,"NO PROMOVIDO","PROMOVIDO")))) -> NO PROMOVIDO
A14: 3 | B14: =LEN!B14 | C14: =LEN!C14 -> Ampuero Cornejo Cesar Jeanpierre | F14: 5 | H14: 7 | J14: 9 | V14: =IFERROR(TRUNC(AVERAGE(D14:U14),2),"")*70/100 -> 4.9 | W14: 7 | X14: ='PROY. INTER'!W14 -> 8.2 | Y14: =AVERAGE(W14:X14) -> 7.6 | Z14: =Y14*30/100 -> 2.28 | AA14: =IFERROR(TRUNC(SUM(V14+Z14),2),"") -> 7.18 | AE14: 3 | AF14: =B14 | AG14: =C14 -> Ampuero Cornejo Cesar Jeanpierre | AJ14: 7 | AL14: 7 | AN14: 8 | AZ14: =IFERROR(TRUNC(AVERAGE(AH14:AY14),2),"")*70/100 -> 5.131 | BA14: 8 | BB14: ='PROY. INTER'!AX14 -> 10 | BC14: =AVERAGE(BA14:BB14) -> 9 | BD14: =BC14*30/100 -> 2.7 | BE14: =IFERROR(TRUNC(SUM(AZ14+BD14),2),"") -> 7.83 | BI14: 3 | BJ14: =B14 | BK14: =C14 -> Ampuero Cornejo Cesar Jeanpierre | CD14: =IFERROR(TRUNC(AVERAGE(BL14:CC14),2),"")*70/100 -> 0 | CF14: ='PROY. INTER'!BY14 -> 0 | CG14: =AVERAGE(CE14:CF14) -> 0 | CH14: =CG14*30/100 -> 0 | CI14: =IFERROR(TRUNC(SUM(CD14+CH14),2),"") -> 0 | CM14: 3 | CN14: =B14 | CO14: =C14 -> Ampuero Cornejo Cesar Jeanpierre | CP14: =AA14 -> 7.18 | CQ14: =BE14 -> 7.83 | CR14: =CI14 -> 0 | CS14: =IFERROR(TRUNC(AVERAGE(CP14:CR14),2),"")*100/100 -> 5 | CT14: =IF(CS14="","",IF(CS14>=7,"APROBADO",IF(AND(CS14<=6.99,CS14>=5),"SUPLETORIO","REPROBADO"))) -> SUPLETORIO | CX14: 3 | CY14: =B14 | CZ14: =C14 -> Ampuero Cornejo Cesar Jeanpierre | DA14: =CS14 -> 5 | DC14: =IF(DA14>=7,DA14,IF(DA14="","",IF(DB14="",AVERAGE(DA14:DB14),IF(AND(DA14<4.01,DB14<>""),DA14,IF(DB14<7,DA14,7))))) -> 5 | DD14: =IF(AND(DA14>=7,DB14<>""),"DEJE EN BLANCO EL CASILLERO SUPLETORIO",IF(DA14="","",IF(AND(DA14<5,DB14<>""),"NO PUEDE RENDIR SUPLETORIO;REPRUEBA EL GRADO",IF(DC14<7,"NO PROMOVIDO","PROMOVIDO")))) -> NO PROMOVIDO
A15: 4 | B15: =LEN!B15 | C15: =LEN!C15 -> Aylla Murillo Kerly Kristhel | F15: 6 | H15: 6 | J15: 6 | V15: =IFERROR(TRUNC(AVERAGE(D15:U15),2),"")*70/100 -> 4.2 | W15: 6 | X15: ='PROY. INTER'!W15 -> 6.73 | Y15: =AVERAGE(W15:X15) -> 6.365 | Z15: =Y15*30/100 -> 1.9095 | AA15: =IFERROR(TRUNC(SUM(V15+Z15),2),"") -> 6.1 | AE15: 4 | AF15: =B15 | AG15: =C15 -> Aylla Murillo Kerly Kristhel | AJ15: 8 | AL15: 8 | AN15: 8 | AZ15: =IFERROR(TRUNC(AVERAGE(AH15:AY15),2),"")*70/100 -> 5.6 | BA15: 8 | BB15: ='PROY. INTER'!AX15 -> 10 | BC15: =AVERAGE(BA15:BB15) -> 9 | BD15: =BC15*30/100 -> 2.7 | BE15: =IFERROR(TRUNC(SUM(AZ15+BD15),2),"") -> 8.3 | BI15: 4 | BJ15: =B15 | BK15: =C15 -> Aylla Murillo Kerly Kristhel | CD15: =IFERROR(TRUNC(AVERAGE(BL15:CC15),2),"")*70/100 -> 0 | CF15: ='PROY. INTER'!BY15 -> 0 | CG15: =AVERAGE(CE15:CF15) -> 0 | CH15: =CG15*30/100 -> 0 | CI15: =IFERROR(TRUNC(SUM(CD15+CH15),2),"") -> 0 | CM15: 4 | CN15: =B15 | CO15: =C15 -> Aylla Murillo Kerly Kristhel | CP15: =AA15 -> 6.1 | CQ15: =BE15 -> 8.3 | CR15: =CI15 -> 0 | CS15: =IFERROR(TRUNC(AVERAGE(CP15:CR15),2),"")*100/100 -> 4.8 | CT15: =IF(CS15="","",IF(CS15>=7,"APROBADO",IF(AND(CS15<=6.99,CS15>=5),"SUPLETORIO","REPROBADO"))) -> REPROBADO | CX15: 4 | CY15: =B15 | CZ15: =C15 -> Aylla Murillo Kerly Kristhel | DA15: =CS15 -> 4.8 | DC15: =IF(DA15>=7,DA15,IF(DA15="","",IF(DB15="",AVERAGE(DA15:DB15),IF(AND(DA15<4.01,DB15<>""),DA15,IF(DB15<7,DA15,7))))) -> 4.8 | DD15: =IF(AND(DA15>=7,DB15<>""),"DEJE EN BLANCO EL CASILLERO SUPLETORIO",IF(DA15="","",IF(AND(DA15<5,DB15<>""),"NO PUEDE RENDIR SUPLETORIO;REPRUEBA EL GRADO",IF(DC15<7,"NO PROMOVIDO","PROMOVIDO")))) -> NO PROMOVIDO
A16: 5 | B16: =LEN!B16 | C16: =LEN!C16 -> Campuzano Meza Naydelyn Odeth | F16: 8 | H16: 8 | J16: 8 | V16: =IFERROR(TRUNC(AVERAGE(D16:U16),2),"")*70/100 -> 5.6 | W16: 10 | X16: ='PROY. INTER'!W16 -> 6 | Y16: =AVERAGE(W16:X16) -> 8 | Z16: =Y16*30/100 -> 2.4 | AA16: =IFERROR(TRUNC(SUM(V16+Z16),2),"") -> 8 | AE16: 5 | AF16: =B16 | AG16: =C16 -> Campuzano Meza Naydelyn Odeth | AJ16: 8 | AL16: 8 | AN16: 8 | AZ16: =IFERROR(TRUNC(AVERAGE(AH16:AY16),2),"")*70/100 -> 5.6 | BA16: 8 | BB16: ='PROY. INTER'!AX16 -> 2 | BC16: =AVERAGE(BA16:BB16) -> 5 | BD16: =BC16*30/100 -> 1.5 | BE16: =IFERROR(TRUNC(SUM(AZ16+BD16),2),"") -> 7.1 | BI16: 5 | BJ16: =B16 | BK16: =C16 -> Campuzano Meza Naydelyn Odeth | CD16: =IFERROR(TRUNC(AVERAGE(BL16:CC16),2),"")*70/100 -> 0 | CF16: ='PROY. INTER'!BY16 -> 0 | CG16: =AVERAGE(CE16:CF16) -> 0 | CH16: =CG16*30/100 -> 0 | CI16: =IFERROR(TRUNC(SUM(CD16+CH16),2),"") -> 0 | CM16: 5 | CN16: =B16 | CO16: =C16 -> Campuzano Meza Naydelyn Odeth | CP16: =AA16 -> 8 | CQ16: =BE16 -> 7.1 | CR16: =CI16 -> 0 | CS16: =IFERROR(TRUNC(AVERAGE(CP16:CR16),2),"")*100/100 -> 5.03 | CT16: =IF(CS16="","",IF(CS16>=7,"APROBADO",IF(AND(CS16<=6.99,CS16>=5),"SUPLETORIO","REPROBADO"))) -> SUPLETORIO | CX16: 5 | CY16: =B16 | CZ16: =C16 -> Campuzano Meza Naydelyn Odeth | DA16: =CS16 -> 5.03 | DC16: =IF(DA16>=7,DA16,IF(DA16="","",IF(DB16="",AVERAGE(DA16:DB16),IF(AND(DA16<4.01,DB16<>""),DA16,IF(DB16<7,DA16,7))))) -> 5.03 | DD16: =IF(AND(DA16>=7,DB16<>""),"DEJE EN BLANCO EL CASILLERO SUPLETORIO",IF(DA16="","",IF(AND(DA16<5,DB16<>""),"NO PUEDE RENDIR SUPLETORIO;REPRUEBA EL GRADO",IF(DC16<7,"NO PROMOVIDO","PROMOVIDO")))) -> NO PROMOVIDO
A17: 6 | B17: =LEN!B17 | C17: =LEN!C17 -> Cantos Zúñiga a Hernán Snayder | F17: 6 | H17: 7 | J17: 9 | V17: =IFERROR(TRUNC(AVERAGE(D17:U17),2),"")*70/100 -> 5.131 | W17: 7 | X17: ='PROY. INTER'!W17 -> 9.87 | Y17: =AVERAGE(W17:X17) -> 8.435 | Z17: =Y17*30/100 -> 2.5305 | AA17: =IFERROR(TRUNC(SUM(V17+Z17),2),"") -> 7.66 | AE17: 6 | AF17: =B17 | AG17: =C17 -> Cantos Zúñiga a Hernán Snayder | AJ17: 8 | AL17: 8 | AN17: 7 | AZ17: =IFERROR(TRUNC(AVERAGE(AH17:AY17),2),"")*70/100 -> 5.362 | BA17: 8 | BB17: ='PROY. INTER'!AX17 -> 10 | BC17: =AVERAGE(BA17:BB17) -> 9 | BD17: =BC17*30/100 -> 2.7 | BE17: =IFERROR(TRUNC(SUM(AZ17+BD17),2),"") -> 8.06 | BI17: 6 | BJ17: =B17 | BK17: =C17 -> Cantos Zúñiga a Hernán Snayder | CD17: =IFERROR(TRUNC(AVERAGE(BL17:CC17),2),"")*70/100 -> 0 | CF17: ='PROY. INTER'!BY17 -> 0 | CG17: =AVERAGE(CE17:CF17) -> 0 | CH17: =CG17*30/100 -> 0 | CI17: =IFERROR(TRUNC(SUM(CD17+CH17),2),"") -> 0 | CM17: 6 | CN17: =B17 | CO17: =C17 -> Cantos Zúñiga a Hernán Snayder | CP17: =AA17 -> 7.66 | CQ17: =BE17 -> 8.06 | CR17: =CI17 -> 0 | CS17: =IFERROR(TRUNC(AVERAGE(CP17:CR17),2),"")*100/100 -> 5.24 | CT17: =IF(CS17="","",IF(CS17>=7,"APROBADO",IF(AND(CS17<=6.99,CS17>=5),"SUPLETORIO","REPROBADO"))) -> SUPLETORIO | CX17: 6 | CY17: =B17 | CZ17: =C17 -> Cantos Zúñiga a Hernán Snayder | DA17: =CS17 -> 5.24 | DC17: =IF(DA17>=7,DA17,IF(DA17="","",IF(DB17="",AVERAGE(DA17:DB17),IF(AND(DA17<4.01,DB17<>""),DA17,IF(DB17<7,DA17,7))))) -> 5.24 | DD17: =IF(AND(DA17>=7,DB17<>""),"DEJE EN BLANCO EL CASILLERO SUPLETORIO",IF(DA17="","",IF(AND(DA17<5,DB17<>""),"NO PUEDE RENDIR SUPLETORIO;REPRUEBA EL GRADO",IF(DC17<7,"NO PROMOVIDO","PROMOVIDO")))) -> NO PROMOVIDO
A18: 7 | B18: =LEN!B18 | C18: =LEN!C18 -> Carranza Dumes Genesis Daniela | F18: 8 | H18: 9 | J18: 10 | V18: =IFERROR(TRUNC(AVERAGE(D18:U18),2),"")*70/100 -> 6.3 | W18: 9 | X18: ='PROY. INTER'!W18 -> 9 | Y18: =AVERAGE(W18:X18) -> 9 | Z18: =Y18*30/100 -> 2.7 | AA18: =IFERROR(TRUNC(SUM(V18+Z18),2),"") -> 9 | AE18: 7 | AF18: =B18 | AG18: =C18 -> Carranza Dumes Genesis Daniela | AJ18: 8 | AL18: 8 | AN18: 8 | AZ18: =IFERROR(TRUNC(AVERAGE(AH18:AY18),2),"")*70/100 -> 5.6 | BA18: 8 | BB18: ='PROY. INTER'!AX18 -> 2 | BC18: =AVERAGE(BA18:BB18) -> 5 | BD18: =BC18*30/100 -> 1.5 | BE18: =IFERROR(TRUNC(SUM(AZ18+BD18),2),"") -> 7.1 | BI18: 7 | BJ18: =B18 | BK18: =C18 -> Carranza Dumes Genesis Daniela | CD18: =IFERROR(TRUNC(AVERAGE(BL18:CC18),2),"")*70/100 -> 0 | CF18: ='PROY. INTER'!BY18 -> 0 | CG18: =AVERAGE(CE18:CF18) -> 0 | CH18: =CG18*30/100 -> 0 | CI18: =IFERROR(TRUNC(SUM(CD18+CH18),2),"") -> 0 | CM18: 7 | CN18: =B18 | CO18: =C18 -> Carranza Dumes Genesis Daniela | CP18: =AA18 -> 9 | CQ18: =BE18 -> 7.1 | CR18: =CI18 -> 0 | CS18: =IFERROR(TRUNC(AVERAGE(CP18:CR18),2),"")*100/100 -> 5.36 | CT18: =IF(CS18="","",IF(CS18>=7,"APROBADO",IF(AND(CS18<=6.99,CS18>=5),"SUPLETORIO","REPROBADO"))) -> SUPLETORIO | CX18: 7 | CY18: =B18 | CZ18: =C18 -> Carranza Dumes Genesis Daniela | DA18: =CS18 -> 5.36 | DC18: =IF(DA18>=7,DA18,IF(DA18="","",IF(DB18="",AVERAGE(DA18:DB18),IF(AND(DA18<4.01,DB18<>""),DA18,IF(DB18<7,DA18,7))))) -> 5.36 | DD18: =IF(AND(DA18>=7,DB18<>""),"DEJE EN BLANCO EL CASILLERO SUPLETORIO",IF(DA18="","",IF(AND(DA18<5,DB18<>""),"NO PUEDE RENDIR SUPLETORIO;REPRUEBA EL GRADO",IF(DC18<7,"NO PROMOVIDO","PROMOVIDO")))) -> NO PROMOVIDO
A19: 8 | B19: =LEN!B19 | C19: =LEN!C19 -> Castro De La Rosa Cristopher Ruben | F19: 8 | H19: 8 | J19: 8 | V19: =IFERROR(TRUNC(AVERAGE(D19:U19),2),"")*70/100 -> 5.6 | W19: 10 | X19: ='PROY. INTER'!W19 -> 6 | Y19: =AVERAGE(W19:X19) -> 8 | Z19: =Y19*30/100 -> 2.4 | AA19: =IFERROR(TRUNC(SUM(V19+Z19),2),"") -> 8 | AE19: 8 | AF19: =B19 | AG19: =C19 -> Castro De La Rosa Cristopher Ruben | AJ19: 8 | AL19: 8 | AN19: 8 | AZ19: =IFERROR(TRUNC(AVERAGE(AH19:AY19),2),"")*70/100 -> 5.6 | BA19: 8 | BB19: ='PROY. INTER'!AX19 -> 2 | BC19: =AVERAGE(BA19:BB19) -> 5 | BD19: =BC19*30/100 -> 1.5 | BE19: =IFERROR(TRUNC(SUM(AZ19+BD19),2),"") -> 7.1 | BI19: 8 | BJ19: =B19 | BK19: =C19 -> Castro De La Rosa Cristopher Ruben | CD19: =IFERROR(TRUNC(AVERAGE(BL19:CC19),2),"")*70/100 -> 0 | CF19: ='PROY. INTER'!BY19 -> 0 | CG19: =AVERAGE(CE19:CF19) -> 0 | CH19: =CG19*30/100 -> 0 | CI19: =IFERROR(TRUNC(SUM(CD19+CH19),2),"") -> 0 | CM19: 8 | CN19: =B19 | CO19: =C19 -> Castro De La Rosa Cristopher Ruben | CP19: =AA19 -> 8 | CQ19: =BE19 -> 7.1 | CR19: =CI19 -> 0 | CS19: =IFERROR(TRUNC(AVERAGE(CP19:CR19),2),"")*100/100 -> 5.03 | CT19: =IF(CS19="","",IF(CS19>=7,"APROBADO",IF(AND(CS19<=6.99,CS19>=5),"SUPLETORIO","REPROBADO"))) -> SUPLETORIO | CX19: 8 | CY19: =B19 | CZ19: =C19 -> Castro De La Rosa Cristopher Ruben | DA19: =CS19 -> 5.03 | DC19: =IF(DA19>=7,DA19,IF(DA19="","",IF(DB19="",AVERAGE(DA19:DB19),IF(AND(DA19<4.01,DB19<>""),DA19,IF(DB19<7,DA19,7))))) -> 5.03 | DD19: =IF(AND(DA19>=7,DB19<>""),"DEJE EN BLANCO EL CASILLERO SUPLETORIO",IF(DA19="","",IF(AND(DA19<5,DB19<>""),"NO PUEDE RENDIR SUPLETORIO;REPRUEBA EL GRADO",IF(DC19<7,"NO PROMOVIDO","PROMOVIDO")))) -> NO PROMOVIDO
A20: 9 | B20: =LEN!B20 | C20: =LEN!C20 -> Chamba Maurad Joshelyn Juleixi | F20: 6 | H20: 6 | J20: 8 | V20: =IFERROR(TRUNC(AVERAGE(D20:U20),2),"")*70/100 -> 4.662 | W20: 7 | X20: ='PROY. INTER'!W20 -> 6 | Y20: =AVERAGE(W20:X20) -> 6.5 | Z20: =Y20*30/100 -> 1.95 | AA20: =IFERROR(TRUNC(SUM(V20+Z20),2),"") -> 6.61 | AE20: 9 | AF20: =B20 | AG20: =C20 -> Chamba Maurad Joshelyn Juleixi | AJ20: 8 | AL20: 7 | AN20: 7 | AZ20: =IFERROR(TRUNC(AVERAGE(AH20:AY20),2),"")*70/100 -> 5.131 | BA20: 8 | BB20: ='PROY. INTER'!AX20 -> 10 | BC20: =AVERAGE(BA20:BB20) -> 9 | BD20: =BC20*30/100 -> 2.7 | BE20: =IFERROR(TRUNC(SUM(AZ20+BD20),2),"") -> 7.83 | BI20: 9 | BJ20: =B20 | BK20: =C20 -> Chamba Maurad Joshelyn Juleixi | CD20: =IFERROR(TRUNC(AVERAGE(BL20:CC20),2),"")*70/100 -> 0 | CF20: ='PROY. INTER'!BY20 -> 0 | CG20: =AVERAGE(CE20:CF20) -> 0 | CH20: =CG20*30/100 -> 0 | CI20: =IFERROR(TRUNC(SUM(CD20+CH20),2),"") -> 0 | CM20: 9 | CN20: =B20 | CO20: =C20 -> Chamba Maurad Joshelyn Juleixi | CP20: =AA20 -> 6.61 | CQ20: =BE20 -> 7.83 | CR20: =CI20 -> 0 | CS20: =IFERROR(TRUNC(AVERAGE(CP20:CR20),2),"")*100/100 -> 4.81 | CT20: =IF(CS20="","",IF(CS20>=7,"APROBADO",IF(AND(CS20<=6.99,CS20>=5),"SUPLETORIO","REPROBADO"))) -> REPROBADO | CX20: 9 | CY20: =B20 | CZ20: =C20 -> Chamba Maurad Joshelyn Juleixi | DA20: =CS20 -> 4.81 | DC20: =IF(DA20>=7,DA20,IF(DA20="","",IF(DB20="",AVERAGE(DA20:DB20),IF(AND(DA20<4.01,DB20<>""),DA20,IF(DB20<7,DA20,7))))) -> 4.81 | DD20: =IF(AND(DA20>=7,DB20<>""),"DEJE EN BLANCO EL CASILLERO SUPLETORIO",IF(DA20="","",IF(AND(DA20<5,DB20<>""),"NO PUEDE RENDIR SUPLETORIO;REPRUEBA EL GRADO",IF(DC20<7,"NO PROMOVIDO","PROMOVIDO")))) -> NO PROMOVIDO
A21: 10 | B21: =LEN!B21 | C21: =LEN!C21 -> Cedeño Sanchez Josué | F21: 6 | H21: 5 | J21: 8 | V21: =IFERROR(TRUNC(AVERAGE(D21:U21),2),"")*70/100 -> 4.431 | W21: 7 | X21: ='PROY. INTER'!W21 -> 6 | Y21: =AVERAGE(W21:X21) -> 6.5 | Z21: =Y21*30/100 -> 1.95 | AA21: 6 | AE21: 10 | AF21: =B21 | AG21: =C21 -> Cedeño Sanchez Josué | AJ21: 8 | AL21: 8 | AN21: 8 | AZ21: =IFERROR(TRUNC(AVERAGE(AH21:AY21),2),"")*70/100 -> 5.6 | BA21: 8 | BB21: ='PROY. INTER'!AX21 -> 2 | BC21: =AVERAGE(BA21:BB21) -> 5 | BD21: =BC21*30/100 -> 1.5 | BE21: =IFERROR(TRUNC(SUM(AZ21+BD21),2),"") -> 7.1 | BI21: 10 | BJ21: =B21 | BK21: =C21 -> Cedeño Sanchez Josué | CD21: =IFERROR(TRUNC(AVERAGE(BL21:CC21),2),"")*70/100 -> 0 | CF21: ='PROY. INTER'!BY21 -> 0 | CG21: =AVERAGE(CE21:CF21) -> 0 | CH21: =CG21*30/100 -> 0 | CI21: =IFERROR(TRUNC(SUM(CD21+CH21),2),"") -> 0 | CM21: 10 | CN21: =B21 | CO21: =C21 -> Cedeño Sanchez Josué | CP21: =AA21 -> 6 | CQ21: =BE21 -> 7.1 | CR21: =CI21 -> 0 | CS21: =IFERROR(TRUNC(AVERAGE(CP21:CR21),2),"")*100/100 -> 4.36 | CT21: =IF(CS21="","",IF(CS21>=7,"APROBADO",IF(AND(CS21<=6.99,CS21>=5),"SUPLETORIO","REPROBADO"))) -> REPROBADO | CX21: 10 | CY21: =B21 | CZ21: =C21 -> Cedeño Sanchez Josué | DA21: =CS21 -> 4.36 | DC21: =IF(DA21>=7,DA21,IF(DA21="","",IF(DB21="",AVERAGE(DA21:DB21),IF(AND(DA21<4.01,DB21<>""),DA21,IF(DB21<7,DA21,7))))) -> 4.36 | DD21: =IF(AND(DA21>=7,DB21<>""),"DEJE EN BLANCO EL CASILLERO SUPLETORIO",IF(DA21="","",IF(AND(DA21<5,DB21<>""),"NO PUEDE RENDIR SUPLETORIO;REPRUEBA EL GRADO",IF(DC21<7,"NO PROMOVIDO","PROMOVIDO")))) -> NO PROMOVIDO
A22: 11 | B22: =LEN!B22 | C22: =LEN!C22 -> Espinoza Martinez Stefano Juliano | F22: 9 | H22: 9 | J22: 9 | V22: =IFERROR(TRUNC(AVERAGE(D22:U22),2),"")*70/100 -> 6.3 | W22: 9 | X22: ='PROY. INTER'!W22 -> 10 | Y22: =AVERAGE(W22:X22) -> 9.5 | Z22: =Y22*30/100 -> 2.85 | AA22: =IFERROR(TRUNC(SUM(V22+Z22),2),"") -> 9.15 | AE22: 11 | AF22: =B22 | AG22: =C22 -> Espinoza Martinez Stefano Juliano | AJ22: 10 | AL22: 10 | AN22: 9 | AZ22: =IFERROR(TRUNC(AVERAGE(AH22:AY22),2),"")*70/100 -> 6.762 | BA22: 10 | BB22: ='PROY. INTER'!AX22 -> 10 | BC22: =AVERAGE(BA22:BB22) -> 10 | BD22: =BC22*30/100 -> 3 | BE22: =IFERROR(TRUNC(SUM(AZ22+BD22),2),"") -> 9.76 | BI22: 11 | BJ22: =B22 | BK22: =C22 -> Espinoza Martinez Stefano Juliano | CD22: =IFERROR(TRUNC(AVERAGE(BL22:CC22),2),"")*70/100 -> 0 | CF22: ='PROY. INTER'!BY22 -> 0 | CG22: =AVERAGE(CE22:CF22) -> 0 | CH22: =CG22*30/100 -> 0 | CI22: =IFERROR(TRUNC(SUM(CD22+CH22),2),"") -> 0 | CM22: 11 | CN22: =B22 | CO22: =C22 -> Espinoza Martinez Stefano Juliano | CP22: =AA22 -> 9.15 | CQ22: =BE22 -> 9.76 | CR22: =CI22 -> 0 | CS22: =IFERROR(TRUNC(AVERAGE(CP22:CR22),2),"")*100/100 -> 6.3 | CT22: =IF(CS22="","",IF(CS22>=7,"APROBADO",IF(AND(CS22<=6.99,CS22>=5),"SUPLETORIO","REPROBADO"))) -> SUPLETORIO | CX22: 11 | CY22: =B22 | CZ22: =C22 -> Espinoza Martinez Stefano Juliano | DA22: =CS22 -> 6.3 | DC22: =IF(DA22>=7,DA22,IF(DA22="","",IF(DB22="",AVERAGE(DA22:DB22),IF(AND(DA22<4.01,DB22<>""),DA22,IF(DB22<7,DA22,7))))) -> 6.3 | DD22: =IF(AND(DA22>=7,DB22<>""),"DEJE EN BLANCO EL CASILLERO SUPLETORIO",IF(DA22="","",IF(AND(DA22<5,DB22<>""),"NO PUEDE RENDIR SUPLETORIO;REPRUEBA EL GRADO",IF(DC22<7,"NO PROMOVIDO","PROMOVIDO")))) -> NO PROMOVIDO
A23: 12 | B23: =LEN!B23 | C23: =LEN!C23 -> Espinoza Morante Melany Ginger | F23: 6 | H23: 9 | J23: 10 | V23: =IFERROR(TRUNC(AVERAGE(D23:U23),2),"")*70/100 -> 5.831 | W23: 9 | X23: ='PROY. INTER'!W23 -> 7.2 | Y23: =AVERAGE(W23:X23) -> 8.1 | Z23: =Y23*30/100 -> 2.43 | AA23: =IFERROR(TRUNC(SUM(V23+Z23),2),"") -> 8.26 | AE23: 12 | AF23: =B23 | AG23: =C23 -> Espinoza Morante Melany Ginger | AJ23: 7 | AL23: 7 | AN23: 8 | AZ23: =IFERROR(TRUNC(AVERAGE(AH23:AY23),2),"")*70/100 -> 5.131 | BA23: 7 | BB23: ='PROY. INTER'!AX23 -> 10 | BC23: =AVERAGE(BA23:BB23) -> 8.5 | BD23: =BC23*30/100 -> 2.55 | BE23: =IFERROR(TRUNC(SUM(AZ23+BD23),2),"") -> 7.68 | BI23: 12 | BJ23: =B23 | BK23: =C23 -> Espinoza Morante Melany Ginger | CD23: =IFERROR(TRUNC(AVERAGE(BL23:CC23),2),"")*70/100 -> 0 | CF23: ='PROY. INTER'!BY23 -> 0 | CG23: =AVERAGE(CE23:CF23) -> 0 | CH23: =CG23*30/100 -> 0 | CI23: =IFERROR(TRUNC(SUM(CD23+CH23),2),"") -> 0 | CM23: 12 | CN23: =B23 | CO23: =C23 -> Espinoza Morante Melany Ginger | CP23: =AA23 -> 8.26 | CQ23: =BE23 -> 7.68 | CR23: =CI23 -> 0 | CS23: =IFERROR(TRUNC(AVERAGE(CP23:CR23),2),"")*100/100 -> 5.31 | CT23: =IF(CS23="","",IF(CS23>=7,"APROBADO",IF(AND(CS23<=6.99,CS23>=5),"SUPLETORIO","REPROBADO"))) -> SUPLETORIO | CX23: 12 | CY23: =B23 | CZ23: =C23 -> Espinoza Morante Melany Ginger | DA23: =CS23 -> 5.31 | DC23: =IF(DA23>=7,DA23,IF(DA23="","",IF(DB23="",AVERAGE(DA23:DB23),IF(AND(DA23<4.01,DB23<>""),DA23,IF(DB23<7,DA23,7))))) -> 5.31 | DD23: =IF(AND(DA23>=7,DB23<>""),"DEJE EN BLANCO EL CASILLERO SUPLETORIO",IF(DA23="","",IF(AND(DA23<5,DB23<>""),"NO PUEDE RENDIR SUPLETORIO;REPRUEBA EL GRADO",IF(DC23<7,"NO PROMOVIDO","PROMOVIDO")))) -> NO PROMOVIDO
A24: 13 | B24: =LEN!B24 | C24: =LEN!C24 -> Garrido franco Génesis Lissette | F24: 9 | H24: 9 | J24: 9 | V24: =IFERROR(TRUNC(AVERAGE(D24:U24),2),"")*70/100 -> 6.3 | W24: 9 | X24: ='PROY. INTER'!W24 -> 9 | Y24: =AVERAGE(W24:X24) -> 9 | Z24: =Y24*30/100 -> 2.7 | AA24: =IFERROR(TRUNC(SUM(V24+Z24),2),"") -> 9 | AE24: 13 | AF24: =B24 | AG24: =C24 -> Garrido franco Génesis Lissette | AJ24: 9 | AL24: 8 | AN24: 9 | AZ24: =IFERROR(TRUNC(AVERAGE(AH24:AY24),2),"")*70/100 -> 6.062 | BA24: 8 | BB24: ='PROY. INTER'!AX24 -> 10 | BC24: =AVERAGE(BA24:BB24) -> 9 | BD24: =BC24*30/100 -> 2.7 | BE24: =IFERROR(TRUNC(SUM(AZ24+BD24),2),"") -> 8.76 | BI24: 13 | BJ24: =B24 | BK24: =C24 -> Garrido franco Génesis Lissette | CD24: =IFERROR(TRUNC(AVERAGE(BL24:CC24),2),"")*70/100 -> 0 | CF24: ='PROY. INTER'!BY24 -> 0 | CG24: =AVERAGE(CE24:CF24) -> 0 | CH24: =CG24*30/100 -> 0 | CI24: =IFERROR(TRUNC(SUM(CD24+CH24),2),"") -> 0 | CM24: 13 | CN24: =B24 | CO24: =C24 -> Garrido franco Génesis Lissette | CP24: =AA24 -> 9 | CQ24: =BE24 -> 8.76 | CR24: =CI24 -> 0 | CS24: =IFERROR(TRUNC(AVERAGE(CP24:CR24),2),"")*100/100 -> 5.92 | CT24: =IF(CS24="","",IF(CS24>=7,"APROBADO",IF(AND(CS24<=6.99,CS24>=5),"SUPLETORIO","REPROBADO"))) -> SUPLETORIO | CX24: 13 | CY24: =B24 | CZ24: =C24 -> Garrido franco Génesis Lissette | DA24: =CS24 -> 5.92 | DC24: =IF(DA24>=7,DA24,IF(DA24="","",IF(DB24="",AVERAGE(DA24:DB24),IF(AND(DA24<4.01,DB24<>""),DA24,IF(DB24<7,DA24,7))))) -> 5.92 | DD24: =IF(AND(DA24>=7,DB24<>""),"DEJE EN BLANCO EL CASILLERO SUPLETORIO",IF(DA24="","",IF(AND(DA24<5,DB24<>""),"NO PUEDE RENDIR SUPLETORIO;REPRUEBA EL GRADO",IF(DC24<7,"NO PROMOVIDO","PROMOVIDO")))) -> NO PROMOVIDO
A25: 14 | B25: =LEN!B25 | C25: =LEN!C25 -> Gonzalez Gonzalez Jean Carlos | F25: 6 | H25: 6 | J25: 6 | V25: =IFERROR(TRUNC(AVERAGE(D25:U25),2),"")*70/100 -> 4.2 | W25: 7 | X25: ='PROY. INTER'!W25 -> 6 | Y25: =AVERAGE(W25:X25) -> 6.5 | Z25: =Y25*30/100 -> 1.95 | AA25: =IFERROR(TRUNC(SUM(V25+Z25),2),"") -> 6.15 | AE25: 14 | AF25: =B25 | AG25: =C25 -> Gonzalez Gonzalez Jean Carlos | AJ25: 8 | AL25: 8 | AN25: 8 | AZ25: =IFERROR(TRUNC(AVERAGE(AH25:AY25),2),"")*70/100 -> 5.6 | BA25: 8 | BB25: ='PROY. INTER'!AX25 -> 10 | BC25: =AVERAGE(BA25:BB25) -> 9 | BD25: =BC25*30/100 -> 2.7 | BE25: =IFERROR(TRUNC(SUM(AZ25+BD25),2),"") -> 8.3 | BI25: 14 | BJ25: =B25 | BK25: =C25 -> Gonzalez Gonzalez Jean Carlos | CD25: =IFERROR(TRUNC(AVERAGE(BL25:CC25),2),"")*70/100 -> 0 | CF25: ='PROY. INTER'!BY25 -> 0 | CG25: =AVERAGE(CE25:CF25) -> 0 | CH25: =CG25*30/100 -> 0 | CI25: =IFERROR(TRUNC(SUM(CD25+CH25),2),"") -> 0 | CM25: 14 | CN25: =B25 | CO25: =C25 -> Gonzalez Gonzalez Jean Carlos | CP25: =AA25 -> 6.15 | CQ25: =BE25 -> 8.3 | CR25: =CI25 -> 0 | CS25: =IFERROR(TRUNC(AVERAGE(CP25:CR25),2),"")*100/100 -> 4.81 | CT25: =IF(CS25="","",IF(CS25>=7,"APROBADO",IF(AND(CS25<=6.99,CS25>=5),"SUPLETORIO","REPROBADO"))) -> REPROBADO | CX25: 14 | CY25: =B25 | CZ25: =C25 -> Gonzalez Gonzalez Jean Carlos | DA25: =CS25 -> 4.81 | DC25: =IF(DA25>=7,DA25,IF(DA25="","",IF(DB25="",AVERAGE(DA25:DB25),IF(AND(DA25<4.01,DB25<>""),DA25,IF(DB25<7,DA25,7))))) -> 4.81 | DD25: =IF(AND(DA25>=7,DB25<>""),"DEJE EN BLANCO EL CASILLERO SUPLETORIO",IF(DA25="","",IF(AND(DA25<5,DB25<>""),"NO PUEDE RENDIR SUPLETORIO;REPRUEBA EL GRADO",IF(DC25<7,"NO PROMOVIDO","PROMOVIDO")))) -> NO PROMOVIDO
A26: 15 | B26: =LEN!B26 | C26: =LEN!C26 -> Guevara Benites Jean Pierre | F26: 6 | H26: 8 | J26: 9.5 | V26: =IFERROR(TRUNC(AVERAGE(D26:U26),2),"")*70/100 -> 5.481 | W26: 7 | X26: ='PROY. INTER'!W26 -> 7.73 | Y26: =AVERAGE(W26:X26) -> 7.365 | Z26: =Y26*30/100 -> 2.2095 | AA26: =IFERROR(TRUNC(SUM(V26+Z26),2),"") -> 7.69 | AE26: 15 | AF26: =B26 | AG26: =C26 -> Guevara Benites Jean Pierre | AJ26: 8 | AL26: 8 | AN26: 9 | AZ26: =IFERROR(TRUNC(AVERAGE(AH26:AY26),2),"")*70/100 -> 5.831 | BA26: 8 | BB26: ='PROY. INTER'!AX26 -> 10 | BC26: =AVERAGE(BA26:BB26) -> 9 | BD26: =BC26*30/100 -> 2.7 | BE26: =IFERROR(TRUNC(SUM(AZ26+BD26),2),"") -> 8.53 | BI26: 15 | BJ26: =B26 | BK26: =C26 -> Guevara Benites Jean Pierre | CD26: =IFERROR(TRUNC(AVERAGE(BL26:CC26),2),"")*70/100 -> 0 | CF26: ='PROY. INTER'!BY26 -> 0 | CG26: =AVERAGE(CE26:CF26) -> 0 | CH26: =CG26*30/100 -> 0 | CI26: =IFERROR(TRUNC(SUM(CD26+CH26),2),"") -> 0 | CM26: 15 | CN26: =B26 | CO26: =C26 -> Guevara Benites Jean Pierre | CP26: =AA26 -> 7.69 | CQ26: =BE26 -> 8.53 | CR26: =CI26 -> 0 | CS26: =IFERROR(TRUNC(AVERAGE(CP26:CR26),2),"")*100/100 -> 5.4 | CT26: =IF(CS26="","",IF(CS26>=7,"APROBADO",IF(AND(CS26<=6.99,CS26>=5),"SUPLETORIO","REPROBADO"))) -> SUPLETORIO | CX26: 15 | CY26: =B26 | CZ26: =C26 -> Guevara Benites Jean Pierre | DA26: =CS26 -> 5.4 | DC26: =IF(DA26>=7,DA26,IF(DA26="","",IF(DB26="",AVERAGE(DA26:DB26),IF(AND(DA26<4.01,DB26<>""),DA26,IF(DB26<7,DA26,7))))) -> 5.4 | DD26: =IF(AND(DA26>=7,DB26<>""),"DEJE EN BLANCO EL CASILLERO SUPLETORIO",IF(DA26="","",IF(AND(DA26<5,DB26<>""),"NO PUEDE RENDIR SUPLETORIO;REPRUEBA EL GRADO",IF(DC26<7,"NO PROMOVIDO","PROMOVIDO")))) -> NO PROMOVIDO
A27: 16 | B27: =LEN!B27 | C27: =LEN!C27 -> Mero Carcamo Adriana Carolina | F27: 7 | H27: 7 | J27: 8 | V27: =IFERROR(TRUNC(AVERAGE(D27:U27),2),"")*70/100 -> 5.131 | W27: 7 | X27: ='PROY. INTER'!W27 -> 6 | Y27: =AVERAGE(W27:X27) -> 6.5 | Z27: =Y27*30/100 -> 1.95 | AA27: =IFERROR(TRUNC(SUM(V27+Z27),2),"") -> 7.08 | AE27: 16 | AF27: =B27 | AG27: =C27 -> Mero Carcamo Adriana Carolina | AJ27: 8 | AL27: 8 | AN27: 8 | AZ27: =IFERROR(TRUNC(AVERAGE(AH27:AY27),2),"")*70/100 -> 5.6 | BA27: 8 | BB27: ='PROY. INTER'!AX27 -> 2 | BC27: =AVERAGE(BA27:BB27) -> 5 | BD27: =BC27*30/100 -> 1.5 | BE27: =IFERROR(TRUNC(SUM(AZ27+BD27),2),"") -> 7.1 | BI27: 16 | BJ27: =B27 | BK27: =C27 -> Mero Carcamo Adriana Carolina | CD27: =IFERROR(TRUNC(AVERAGE(BL27:CC27),2),"")*70/100 -> 0 | CF27: ='PROY. INTER'!BY27 -> 0 | CG27: =AVERAGE(CE27:CF27) -> 0 | CH27: =CG27*30/100 -> 0 | CI27: =IFERROR(TRUNC(SUM(CD27+CH27),2),"") -> 0 | CM27: 16 | CN27: =B27 | CO27: =C27 -> Mero Carcamo Adriana Carolina | CP27: =AA27 -> 7.08 | CQ27: =BE27 -> 7.1 | CR27: =CI27 -> 0 | CS27: =IFERROR(TRUNC(AVERAGE(CP27:CR27),2),"")*100/100 -> 4.72 | CT27: =IF(CS27="","",IF(CS27>=7,"APROBADO",IF(AND(CS27<=6.99,CS27>=5),"SUPLETORIO","REPROBADO"))) -> REPROBADO | CX27: 16 | CY27: =B27 | CZ27: =C27 -> Mero Carcamo Adriana Carolina | DA27: =CS27 -> 4.72 | DC27: =IF(DA27>=7,DA27,IF(DA27="","",IF(DB27="",AVERAGE(DA27:DB27),IF(AND(DA27<4.01,DB27<>""),DA27,IF(DB27<7,DA27,7))))) -> 4.72 | DD27: =IF(AND(DA27>=7,DB27<>""),"DEJE EN BLANCO EL CASILLERO SUPLETORIO",IF(DA27="","",IF(AND(DA27<5,DB27<>""),"NO PUEDE RENDIR SUPLETORIO;REPRUEBA EL GRADO",IF(DC27<7,"NO PROMOVIDO","PROMOVIDO")))) -> NO PROMOVIDO
A28: 17 | B28: =LEN!B28 | C28: =LEN!C28 -> Moreira Villamar Darwin Matias | F28: 5 | H28: 7.5 | J28: 9.5 | V28: =IFERROR(TRUNC(AVERAGE(D28:U28),2),"")*70/100 -> 5.131 | W28: 7 | X28: ='PROY. INTER'!W28 -> 9.73 | Y28: =AVERAGE(W28:X28) -> 8.365 | Z28: =Y28*30/100 -> 2.5095 | AA28: =IFERROR(TRUNC(SUM(V28+Z28),2),"") -> 7.64 | AE28: 17 | AF28: =B28 | AG28: =C28 -> Moreira Villamar Darwin Matias | AJ28: 7 | AL28: 8 | AN28: 7 | AZ28: =IFERROR(TRUNC(AVERAGE(AH28:AY28),2),"")*70/100 -> 5.131 | BA28: 8 | BB28: ='PROY. INTER'!AX28 -> 10 | BC28: =AVERAGE(BA28:BB28) -> 9 | BD28: =BC28*30/100 -> 2.7 | BE28: =IFERROR(TRUNC(SUM(AZ28+BD28),2),"") -> 7.83 | BI28: 17 | BJ28: =B28 | BK28: =C28 -> Moreira Villamar Darwin Matias | CD28: =IFERROR(TRUNC(AVERAGE(BL28:CC28),2),"")*70/100 -> 0 | CF28: ='PROY. INTER'!BY28 -> 0 | CG28: =AVERAGE(CE28:CF28) -> 0 | CH28: =CG28*30/100 -> 0 | CI28: =IFERROR(TRUNC(SUM(CD28+CH28),2),"") -> 0 | CM28: 17 | CN28: =B28 | CO28: =C28 -> Moreira Villamar Darwin Matias | CP28: =AA28 -> 7.64 | CQ28: =BE28 -> 7.83 | CR28: =CI28 -> 0 | CS28: =IFERROR(TRUNC(AVERAGE(CP28:CR28),2),"")*100/100 -> 5.15 | CT28: =IF(CS28="","",IF(CS28>=7,"APROBADO",IF(AND(CS28<=6.99,CS28>=5),"SUPLETORIO","REPROBADO"))) -> SUPLETORIO | CX28: 17 | CY28: =B28 | CZ28: =C28 -> Moreira Villamar Darwin Matias | DA28: =CS28 -> 5.15 | DC28: =IF(DA28>=7,DA28,IF(DA28="","",IF(DB28="",AVERAGE(DA28:DB28),IF(AND(DA28<4.01,DB28<>""),DA28,IF(DB28<7,DA28,7))))) -> 5.15 | DD28: =IF(AND(DA28>=7,DB28<>""),"DEJE EN BLANCO EL CASILLERO SUPLETORIO",IF(DA28="","",IF(AND(DA28<5,DB28<>""),"NO PUEDE RENDIR SUPLETORIO;REPRUEBA EL GRADO",IF(DC28<7,"NO PROMOVIDO","PROMOVIDO")))) -> NO PROMOVIDO
A29: 18 | B29: =LEN!B29 | C29: =LEN!C29 -> Peña Macias Enrique Alexander | F29: 7 | H29: 7 | J29: 8 | V29: =IFERROR(TRUNC(AVERAGE(D29:U29),2),"")*70/100 -> 5.131 | W29: 8 | X29: ='PROY. INTER'!W29 -> 9.2 | Y29: =AVERAGE(W29:X29) -> 8.6 | Z29: =Y29*30/100 -> 2.58 | AA29: =IFERROR(TRUNC(SUM(V29+Z29),2),"") -> 7.71 | AE29: 18 | AF29: =B29 | AG29: =C29 -> Peña Macias Enrique Alexander | AJ29: 9 | AL29: 9 | AN29: 10 | AZ29: =IFERROR(TRUNC(AVERAGE(AH29:AY29),2),"")*70/100 -> 6.531 | BA29: 9 | BB29: ='PROY. INTER'!AX29 -> 10 | BC29: =AVERAGE(BA29:BB29) -> 9.5 | BD29: =BC29*30/100 -> 2.85 | BE29: =IFERROR(TRUNC(SUM(AZ29+BD29),2),"") -> 9.38 | BI29: 18 | BJ29: =B29 | BK29: =C29 -> Peña Macias Enrique Alexander | CD29: =IFERROR(TRUNC(AVERAGE(BL29:CC29),2),"")*70/100 -> 0 | CF29: ='PROY. INTER'!BY29 -> 0 | CG29: =AVERAGE(CE29:CF29) -> 0 | CH29: =CG29*30/100 -> 0 | CI29: =IFERROR(TRUNC(SUM(CD29+CH29),2),"") -> 0 | CM29: 18 | CN29: =B29 | CO29: =C29 -> Peña Macias Enrique Alexander | CP29: =AA29 -> 7.71 | CQ29: =BE29 -> 9.38 | CR29: =CI29 -> 0 | CS29: =IFERROR(TRUNC(AVERAGE(CP29:CR29),2),"")*100/100 -> 5.69 | CT29: =IF(CS29="","",IF(CS29>=7,"APROBADO",IF(AND(CS29<=6.99,CS29>=5),"SUPLETORIO","REPROBADO"))) -> SUPLETORIO | CX29: 18 | CY29: =B29 | CZ29: =C29 -> Peña Macias Enrique Alexander | DA29: =CS29 -> 5.69 | DC29: =IF(DA29>=7,DA29,IF(DA29="","",IF(DB29="",AVERAGE(DA29:DB29),IF(AND(DA29<4.01,DB29<>""),DA29,IF(DB29<7,DA29,7))))) -> 5.69 | DD29: =IF(AND(DA29>=7,DB29<>""),"DEJE EN BLANCO EL CASILLERO SUPLETORIO",IF(DA29="","",IF(AND(DA29<5,DB29<>""),"NO PUEDE RENDIR SUPLETORIO;REPRUEBA EL GRADO",IF(DC29<7,"NO PROMOVIDO","PROMOVIDO")))) -> NO PROMOVIDO
A30: 19 | B30: =LEN!B30 | C30: =LEN!C30 -> Roman Arreaga Stefani Asley | F30: 5 | H30: 8 | J30: 8 | V30: =IFERROR(TRUNC(AVERAGE(D30:U30),2),"")*70/100 -> 4.9 | W30: 7 | X30: ='PROY. INTER'!W30 -> 9.47 | Y30: =AVERAGE(W30:X30) -> 8.235 | Z30: =Y30*30/100 -> 2.4705 | AA30: =IFERROR(TRUNC(SUM(V30+Z30),2),"") -> 7.37 | AE30: 19 | AF30: =B30 | AG30: =C30 -> Roman Arreaga Stefani Asley | AJ30: 8 | AL30: 7 | AN30: 8 | AZ30: =IFERROR(TRUNC(AVERAGE(AH30:AY30),2),"")*70/100 -> 5.362 | BA30: 8 | BB30: ='PROY. INTER'!AX30 -> 10 | BC30: =AVERAGE(BA30:BB30) -> 9 | BD30: =BC30*30/100 -> 2.7 | BE30: =IFERROR(TRUNC(SUM(AZ30+BD30),2),"") -> 8.06 | BI30: 19 | BJ30: =B30 | BK30: =C30 -> Roman Arreaga Stefani Asley | CD30: =IFERROR(TRUNC(AVERAGE(BL30:CC30),2),"")*70/100 -> 0 | CF30: ='PROY. INTER'!BY30 -> 0 | CG30: =AVERAGE(CE30:CF30) -> 0 | CH30: =CG30*30/100 -> 0 | CI30: =IFERROR(TRUNC(SUM(CD30+CH30),2),"") -> 0 | CM30: 19 | CN30: =B30 | CO30: =C30 -> Roman Arreaga Stefani Asley | CP30: =AA30 -> 7.37 | CQ30: =BE30 -> 8.06 | CR30: =CI30 -> 0 | CS30: =IFERROR(TRUNC(AVERAGE(CP30:CR30),2),"")*100/100 -> 5.14 | CT30: =IF(CS30="","",IF(CS30>=7,"APROBADO",IF(AND(CS30<=6.99,CS30>=5),"SUPLETORIO","REPROBADO"))) -> SUPLETORIO | CX30: 19 | CY30: =B30 | CZ30: =C30 -> Roman Arreaga Stefani Asley | DA30: =CS30 -> 5.14 | DC30: =IF(DA30>=7,DA30,IF(DA30="","",IF(DB30="",AVERAGE(DA30:DB30),IF(AND(DA30<4.01,DB30<>""),DA30,IF(DB30<7,DA30,7))))) -> 5.14 | DD30: =IF(AND(DA30>=7,DB30<>""),"DEJE EN BLANCO EL CASILLERO SUPLETORIO",IF(DA30="","",IF(AND(DA30<5,DB30<>""),"NO PUEDE RENDIR SUPLETORIO;REPRUEBA EL GRADO",IF(DC30<7,"NO PROMOVIDO","PROMOVIDO")))) -> NO PROMOVIDO
A31: 20 | B31: =LEN!B31 | C31: =LEN!C31 -> Sánchez Ponce Sandra Stefania | F31: 10 | H31: 10 | J31: 10 | V31: =IFERROR(TRUNC(AVERAGE(D31:U31),2),"")*70/100 -> 7 | W31: 10 | X31: ='PROY. INTER'!W31 -> 10 | Y31: =AVERAGE(W31:X31) -> 10 | Z31: =Y31*30/100 -> 3 | AA31: =IFERROR(TRUNC(SUM(V31+Z31),2),"") -> 10 | AE31: 20 | AF31: =B31 | AG31: =C31 -> Sánchez Ponce Sandra Stefania | AJ31: 10 | AL31: 10 | AN31: 10 | AZ31: =IFERROR(TRUNC(AVERAGE(AH31:AY31),2),"")*70/100 -> 7 | BA31: 10 | BB31: ='PROY. INTER'!AX31 -> 10 | BC31: =AVERAGE(BA31:BB31) -> 10 | BD31: =BC31*30/100 -> 3 | BE31: =IFERROR(TRUNC(SUM(AZ31+BD31),2),"") -> 10 | BI31: 20 | BJ31: =B31 | BK31: =C31 -> Sánchez Ponce Sandra Stefania | CD31: =IFERROR(TRUNC(AVERAGE(BL31:CC31),2),"")*70/100 -> 0 | CF31: ='PROY. INTER'!BY31 -> 0 | CG31: =AVERAGE(CE31:CF31) -> 0 | CH31: =CG31*30/100 -> 0 | CI31: =IFERROR(TRUNC(SUM(CD31+CH31),2),"") -> 0 | CM31: 20 | CN31: =B31 | CO31: =C31 -> Sánchez Ponce Sandra Stefania | CP31: =AA31 -> 10 | CQ31: =BE31 -> 10 | CR31: =CI31 -> 0 | CS31: =IFERROR(TRUNC(AVERAGE(CP31:CR31),2),"")*100/100 -> 6.66 | CT31: =IF(CS31="","",IF(CS31>=7,"APROBADO",IF(AND(CS31<=6.99,CS31>=5),"SUPLETORIO","REPROBADO"))) -> SUPLETORIO | CX31: 20 | CY31: =B31 | CZ31: =C31 -> Sánchez Ponce Sandra Stefania | DA31: =CS31 -> 6.66 | DC31: =IF(DA31>=7,DA31,IF(DA31="","",IF(DB31="",AVERAGE(DA31:DB31),IF(AND(DA31<4.01,DB31<>""),DA31,IF(DB31<7,DA31,7))))) -> 6.66 | DD31: =IF(AND(DA31>=7,DB31<>""),"DEJE EN BLANCO EL CASILLERO SUPLETORIO",IF(DA31="","",IF(AND(DA31<5,DB31<>""),"NO PUEDE RENDIR SUPLETORIO;REPRUEBA EL GRADO",IF(DC31<7,"NO PROMOVIDO","PROMOVIDO")))) -> NO PROMOVIDO
A32: 21 | B32: =LEN!B32 | C32: =LEN!C32 -> Torres Vera Anderson | F32: 5 | H32: 7 | J32: 9 | V32: =IFERROR(TRUNC(AVERAGE(D32:U32),2),"")*70/100 -> 4.9 | W32: 7 | X32: ='PROY. INTER'!W32 -> 6.47 | Y32: =AVERAGE(W32:X32) -> 6.735 | Z32: =Y32*30/100 -> 2.0205 | AA32: =IFERROR(TRUNC(SUM(V32+Z32),2),"") -> 6.92 | AE32: 21 | AF32: =B32 | AG32: =C32 -> Torres Vera Anderson | AJ32: 7 | AL32: 7 | AN32: 8 | AZ32: =IFERROR(TRUNC(AVERAGE(AH32:AY32),2),"")*70/100 -> 5.131 | BA32: 7 | BB32: ='PROY. INTER'!AX32 -> 10 | BC32: =AVERAGE(BA32:BB32) -> 8.5 | BD32: =BC32*30/100 -> 2.55 | BE32: =IFERROR(TRUNC(SUM(AZ32+BD32),2),"") -> 7.68 | BI32: 21 | BJ32: =B32 | BK32: =C32 -> Torres Vera Anderson | CD32: =IFERROR(TRUNC(AVERAGE(BL32:CC32),2),"")*70/100 -> 0 | CF32: ='PROY. INTER'!BY32 -> 0 | CG32: =AVERAGE(CE32:CF32) -> 0 | CH32: =CG32*30/100 -> 0 | CI32: =IFERROR(TRUNC(SUM(CD32+CH32),2),"") -> 0 | CM32: 21 | CN32: =B32 | CO32: =C32 -> Torres Vera Anderson | CP32: =AA32 -> 6.92 | CQ32: =BE32 -> 7.68 | CR32: =CI32 -> 0 | CS32: =IFERROR(TRUNC(AVERAGE(CP32:CR32),2),"")*100/100 -> 4.86 | CT32: =IF(CS32="","",IF(CS32>=7,"APROBADO",IF(AND(CS32<=6.99,CS32>=5),"SUPLETORIO","REPROBADO"))) -> REPROBADO | CX32: 21 | CY32: =B32 | CZ32: =C32 -> Torres Vera Anderson | DA32: =CS32 -> 4.86 | DC32: =IF(DA32>=7,DA32,IF(DA32="","",IF(DB32="",AVERAGE(DA32:DB32),IF(AND(DA32<4.01,DB32<>""),DA32,IF(DB32<7,DA32,7))))) -> 4.86 | DD32: =IF(AND(DA32>=7,DB32<>""),"DEJE EN BLANCO EL CASILLERO SUPLETORIO",IF(DA32="","",IF(AND(DA32<5,DB32<>""),"NO PUEDE RENDIR SUPLETORIO;REPRUEBA EL GRADO",IF(DC32<7,"NO PROMOVIDO","PROMOVIDO")))) -> NO PROMOVIDO
A33: 22 | B33: =LEN!B33 | C33: =LEN!C33 -> Valero Pefiafiel Carlos José | F33: 6 | H33: 7 | J33: 9 | V33: =IFERROR(TRUNC(AVERAGE(D33:U33),2),"")*70/100 -> 5.131 | W33: 7 | X33: ='PROY. INTER'!W33 -> 9.2 | Y33: =AVERAGE(W33:X33) -> 8.1 | Z33: =Y33*30/100 -> 2.43 | AA33: =IFERROR(TRUNC(SUM(V33+Z33),2),"") -> 7.56 | AE33: 22 | AF33: =B33 | AG33: =C33 -> Valero Pefiafiel Carlos José | AJ33: 7 | AL33: 8 | AN33: 7 | AZ33: =IFERROR(TRUNC(AVERAGE(AH33:AY33),2),"")*70/100 -> 5.131 | BA33: 7 | BB33: ='PROY. INTER'!AX33 -> 10 | BC33: =AVERAGE(BA33:BB33) -> 8.5 | BD33: =BC33*30/100 -> 2.55 | BE33: =IFERROR(TRUNC(SUM(AZ33+BD33),2),"") -> 7.68 | BI33: 22 | BJ33: =B33 | BK33: =C33 -> Valero Pefiafiel Carlos José | CD33: =IFERROR(TRUNC(AVERAGE(BL33:CC33),2),"")*70/100 -> 0 | CF33: ='PROY. INTER'!BY33 -> 0 | CG33: =AVERAGE(CE33:CF33) -> 0 | CH33: =CG33*30/100 -> 0 | CI33: =IFERROR(TRUNC(SUM(CD33+CH33),2),"") -> 0 | CM33: 22 | CN33: =B33 | CO33: =C33 -> Valero Pefiafiel Carlos José | CP33: =AA33 -> 7.56 | CQ33: =BE33 -> 7.68 | CR33: =CI33 -> 0 | CS33: =IFERROR(TRUNC(AVERAGE(CP33:CR33),2),"")*100/100 -> 5.08 | CT33: =IF(CS33="","",IF(CS33>=7,"APROBADO",IF(AND(CS33<=6.99,CS33>=5),"SUPLETORIO","REPROBADO"))) -> SUPLETORIO | CX33: 22 | CY33: =B33 | CZ33: =C33 -> Valero Pefiafiel Carlos José | DA33: =CS33 -> 5.08 | DC33: =IF(DA33>=7,DA33,IF(DA33="","",IF(DB33="",AVERAGE(DA33:DB33),IF(AND(DA33<4.01,DB33<>""),DA33,IF(DB33<7,DA33,7))))) -> 5.08 | DD33: =IF(AND(DA33>=7,DB33<>""),"DEJE EN BLANCO EL CASILLERO SUPLETORIO",IF(DA33="","",IF(AND(DA33<5,DB33<>""),"NO PUEDE RENDIR SUPLETORIO;REPRUEBA EL GRADO",IF(DC33<7,"NO PROMOVIDO","PROMOVIDO")))) -> NO PROMOVIDO
... A35: 24 | B35: =LEN!B35 | C35: =LEN!C35 -> Zambrano Zhicay Victor Humberto | F35: 5 | H35: 7 | J35: 9.5 | V35: =IFERROR(TRUNC(AVERAGE(D35:U35),2),"")*70/100 -> 5.012 | W35: 7 | X35: ='PROY. INTER'!W35 -> 9.73 | Y35: =AVERAGE(W35:X35) -> 8.365 | Z35: =Y35*30/100 -> 2.5095 | AA35: =IFERROR(TRUNC(SUM(V35+Z35),2),"") -> 7.52 | AE35: 24 | AF35: =B35 | AG35: =C35 -> Zambrano Zhicay Victor Humberto | AJ35: 7 | AL35: 7 | AN35: 8 | AZ35: =IFERROR(TRUNC(AVERAGE(AH35:AY35),2),"")*70/100 -> 5.131 | BA35: 7 | BB35: ='PROY. INTER'!AX35 -> 10 | BC35: =AVERAGE(BA35:BB35) -> 8.5 | BD35: =BC35*30/100 -> 2.55 | BE35: =IFERROR(TRUNC(SUM(AZ35+BD35),2),"") -> 7.68 | BI35: 24 | BJ35: =B35 | BK35: =C35 -> Zambrano Zhicay Victor Humberto | CD35: =IFERROR(TRUNC(AVERAGE(BL35:CC35),2),"")*70/100 -> 0 | CF35: ='PROY. INTER'!BY35 -> 0 | CG35: =AVERAGE(CE35:CF35) -> 0 | CH35: =CG35*30/100 -> 0 | CI35: =IFERROR(TRUNC(SUM(CD35+CH35),2),"") -> 0 | CM35: 24 | CN35: =B35 | CO35: =C35 -> Zambrano Zhicay Victor Humberto | CP35: =AA35 -> 7.52 | CQ35: =BE35 -> 7.68 | CR35: =CI35 -> 0 | CS35: =IFERROR(TRUNC(AVERAGE(CP35:CR35),2),"")*100/100 -> 5.06 | CT35: =IF(CS35="","",IF(CS35>=7,"APROBADO",IF(AND(CS35<=6.99,CS35>=5),"SUPLETORIO","REPROBADO"))) -> SUPLETORIO | CX35: 24 | CY35: =B35 | CZ35: =C35 -> Zambrano Zhicay Victor Humberto | DA35: =CS35 -> 5.06 | DC35: =IF(DA35>=7,DA35,IF(DA35="","",IF(DB35="",AVERAGE(DA35:DB35),IF(AND(DA35<4.01,DB35<>""),DA35,IF(DB35<7,DA35,7))))) -> 5.06 | DD35: =IF(AND(DA35>=7,DB35<>""),"DEJE EN BLANCO EL CASILLERO SUPLETORIO",IF(DA35="","",IF(AND(DA35<5,DB35<>""),"NO PUEDE RENDIR SUPLETORIO;REPRUEBA EL GRADO",IF(DC35<7,"NO PROMOVIDO","PROMOVIDO")))) -> NO PROMOVIDO
A36: 25 | B36: =LEN!B36 | C36: =LEN!C36 | V36: =IFERROR(TRUNC(AVERAGE(D36:U36),2),"")*70/100 -> 0 | X36: ='PROY. INTER'!W36 -> 0 | Y36: =AVERAGE(W36:X36) -> 0 | Z36: =Y36*30/100 -> 0 | AA36: =IFERROR(TRUNC(SUM(V36+Z36),2),"") -> 0 | AE36: 25 | AF36: =B36 | AG36: =C36 | AZ36: =IFERROR(TRUNC(AVERAGE(AH36:AY36),2),"")*70/100 -> 0 | BB36: ='PROY. INTER'!AX36 -> 0 | BC36: =AVERAGE(BA36:BB36) -> 0 | BD36: =BC36*30/100 -> 0 | BE36: =IFERROR(TRUNC(SUM(AZ36+BD36),2),"") -> 0 | BI36: 25 | BJ36: =B36 | BK36: =C36 | CD36: =IFERROR(TRUNC(AVERAGE(BL36:CC36),2),"")*70/100 -> 0 | CF36: ='PROY. INTER'!BY36 -> 0 | CG36: =AVERAGE(CE36:CF36) -> 0 | CH36: =CG36*30/100 -> 0 | CI36: =IFERROR(TRUNC(SUM(CD36+CH36),2),"") -> 0 | CM36: 25 | CN36: =B36 | CO36: =C36 | CP36: =AA36 -> 0 | CQ36: =BE36 -> 0 | CR36: =CI36 -> 0 | CS36: =IFERROR(TRUNC(AVERAGE(CP36:CR36),2),"")*100/100 -> 0 | CT36: =IF(CS36="","",IF(CS36>=7,"APROBADO",IF(AND(CS36<=6.99,CS36>=5),"SUPLETORIO","REPROBADO"))) -> REPROBADO | CX36: 25 | CY36: =B36 | CZ36: =C36 | DA36: =CS36 -> 0 | DC36: =IF(DA36>=7,DA36,IF(DA36="","",IF(DB36="",AVERAGE(DA36:DB36),IF(AND(DA36<4.01,DB36<>""),DA36,IF(DB36<7,DA36,7))))) -> 0 | DD36: =IF(AND(DA36>=7,DB36<>""),"DEJE EN BLANCO EL CASILLERO SUPLETORIO",IF(DA36="","",IF(AND(DA36<5,DB36<>""),"NO PUEDE RENDIR SUPLETORIO;REPRUEBA EL GRADO",IF(DC36<7,"NO PROMOVIDO","PROMOVIDO")))) -> NO PROMOVIDO
A37: 26 | B37: =LEN!B37 | C37: =LEN!C37 | V37: =IFERROR(TRUNC(AVERAGE(D37:U37),2),"")*70/100 -> 0 | X37: ='PROY. INTER'!W37 -> 0 | Y37: =AVERAGE(W37:X37) -> 0 | Z37: =Y37*30/100 -> 0 | AA37: =IFERROR(TRUNC(SUM(V37+Z37),2),"") -> 0 | AE37: 26 | AF37: =B37 | AG37: =C37 | AZ37: =IFERROR(TRUNC(AVERAGE(AH37:AY37),2),"")*70/100 -> 0 | BB37: ='PROY. INTER'!AX37 -> 0 | BC37: =AVERAGE(BA37:BB37) -> 0 | BD37: =BC37*30/100 -> 0 | BE37: =IFERROR(TRUNC(SUM(AZ37+BD37),2),"") -> 0 | BI37: 26 | BJ37: =B37 | BK37: =C37 | CD37: =IFERROR(TRUNC(AVERAGE(BL37:CC37),2),"")*70/100 -> 0 | CF37: ='PROY. INTER'!BY37 -> 0 | CG37: =AVERAGE(CE37:CF37) -> 0 | CH37: =CG37*30/100 -> 0 | CI37: =IFERROR(TRUNC(SUM(CD37+CH37),2),"") -> 0 | CM37: 26 | CN37: =B37 | CO37: =C37 | CP37: =AA37 -> 0 | CQ37: =BE37 -> 0 | CR37: =CI37 -> 0 | CS37: =IFERROR(TRUNC(AVERAGE(CP37:CR37),2),"")*100/100 -> 0 | CT37: =IF(CS37="","",IF(CS37>=7,"APROBADO",IF(AND(CS37<=6.99,CS37>=5),"SUPLETORIO","REPROBADO"))) -> REPROBADO | CX37: 26 | CY37: =B37 | CZ37: =C37 | DA37: =CS37 -> 0 | DC37: =IF(DA37>=7,DA37,IF(DA37="","",IF(DB37="",AVERAGE(DA37:DB37),IF(AND(DA37<4.01,DB37<>""),DA37,IF(DB37<7,DA37,7))))) -> 0 | DD37: =IF(AND(DA37>=7,DB37<>""),"DEJE EN BLANCO EL CASILLERO SUPLETORIO",IF(DA37="","",IF(AND(DA37<5,DB37<>""),"NO PUEDE RENDIR SUPLETORIO;REPRUEBA EL GRADO",IF(DC37<7,"NO PROMOVIDO","PROMOVIDO")))) -> NO PROMOVIDO
A38: 27 | B38: =LEN!B38 | C38: =LEN!C38 | V38: =IFERROR(TRUNC(AVERAGE(D38:U38),2),"")*70/100 -> 0 | X38: ='PROY. INTER'!W38 -> 0 | Y38: =AVERAGE(W38:X38) -> 0 | Z38: =Y38*30/100 -> 0 | AA38: =IFERROR(TRUNC(SUM(V38+Z38),2),"") -> 0 | AE38: 27 | AF38: =B38 | AG38: =C38 | AZ38: =IFERROR(TRUNC(AVERAGE(AH38:AY38),2),"")*70/100 -> 0 | BB38: ='PROY. INTER'!AX38 -> 0 | BC38: =AVERAGE(BA38:BB38) -> 0 | BD38: =BC38*30/100 -> 0 | BE38: =IFERROR(TRUNC(SUM(AZ38+BD38),2),"") -> 0 | BI38: 27 | BJ38: =B38 | BK38: =C38 | CD38: =IFERROR(TRUNC(AVERAGE(BL38:CC38),2),"")*70/100 -> 0 | CF38: ='PROY. INTER'!BY38 -> 0 | CG38: =AVERAGE(CE38:CF38) -> 0 | CH38: =CG38*30/100 -> 0 | CI38: =IFERROR(TRUNC(SUM(CD38+CH38),2),"") -> 0 | CM38: 27 | CN38: =B38 | CO38: =C38 | CP38: =AA38 -> 0 | CQ38: =BE38 -> 0 | CR38: =CI38 -> 0 | CS38: =IFERROR(TRUNC(AVERAGE(CP38:CR38),2),"")*100/100 -> 0 | CT38: =IF(CS38="","",IF(CS38>=7,"APROBADO",IF(AND(CS38<=6.99,CS38>=5),"SUPLETORIO","REPROBADO"))) -> REPROBADO | CX38: 27 | CY38: =B38 | CZ38: =C38 | DA38: =CS38 -> 0 | DC38: =IF(DA38>=7,DA38,IF(DA38="","",IF(DB38="",AVERAGE(DA38:DB38),IF(AND(DA38<4.01,DB38<>""),DA38,IF(DB38<7,DA38,7))))) -> 0 | DD38: =IF(AND(DA38>=7,DB38<>""),"DEJE EN BLANCO EL CASILLERO SUPLETORIO",IF(DA38="","",IF(AND(DA38<5,DB38<>""),"NO PUEDE RENDIR SUPLETORIO;REPRUEBA EL GRADO",IF(DC38<7,"NO PROMOVIDO","PROMOVIDO")))) -> NO PROMOVIDO
A39: 28 | B39: =LEN!B39 | C39: =LEN!C39 | V39: =IFERROR(TRUNC(AVERAGE(D39:U39),2),"")*70/100 -> 0 | X39: ='PROY. INTER'!W39 -> 0 | Y39: =AVERAGE(W39:X39) -> 0 | Z39: =Y39*30/100 -> 0 | AA39: =IFERROR(TRUNC(SUM(V39+Z39),2),"") -> 0 | AE39: 28 | AF39: =B39 | AG39: =C39 | AZ39: =IFERROR(TRUNC(AVERAGE(AH39:AY39),2),"")*70/100 -> 0 | BB39: ='PROY. INTER'!AX39 -> 0 | BC39: =AVERAGE(BA39:BB39) -> 0 | BD39: =BC39*30/100 -> 0 | BE39: =IFERROR(TRUNC(SUM(AZ39+BD39),2),"") -> 0 | BI39: 28 | BJ39: =B39 | BK39: =C39 | CD39: =IFERROR(TRUNC(AVERAGE(BL39:CC39),2),"")*70/100 -> 0 | CF39: ='PROY. INTER'!BY39 -> 0 | CG39: =AVERAGE(CE39:CF39) -> 0 | CH39: =CG39*30/100 -> 0 | CI39: =IFERROR(TRUNC(SUM(CD39+CH39),2),"") -> 0 | CM39: 28 | CN39: =B39 | CO39: =C39 | CP39: =AA39 -> 0 | CQ39: =BE39 -> 0 | CR39: =CI39 -> 0 | CS39: =IFERROR(TRUNC(AVERAGE(CP39:CR39),2),"")*100/100 -> 0 | CT39: =IF(CS39="","",IF(CS39>=7,"APROBADO",IF(AND(CS39<=6.99,CS39>=5),"SUPLETORIO","REPROBADO"))) -> REPROBADO | CX39: 28 | CY39: =B39 | CZ39: =C39 | DA39: =CS39 -> 0 | DC39: =IF(DA39>=7,DA39,IF(DA39="","",IF(DB39="",AVERAGE(DA39:DB39),IF(AND(DA39<4.01,DB39<>""),DA39,IF(DB39<7,DA39,7))))) -> 0 | DD39: =IF(AND(DA39>=7,DB39<>""),"DEJE EN BLANCO EL CASILLERO SUPLETORIO",IF(DA39="","",IF(AND(DA39<5,DB39<>""),"NO PUEDE RENDIR SUPLETORIO;REPRUEBA EL GRADO",IF(DC39<7,"NO PROMOVIDO","PROMOVIDO")))) -> NO PROMOVIDO
A40: 29 | B40: =LEN!B40 | C40: =LEN!C40 | V40: =IFERROR(TRUNC(AVERAGE(D40:U40),2),"")*70/100 -> 0 | X40: ='PROY. INTER'!W40 -> 0 | Y40: =AVERAGE(W40:X40) -> 0 | Z40: =Y40*30/100 -> 0 | AA40: =IFERROR(TRUNC(SUM(V40+Z40),2),"") -> 0 | AE40: 29 | AF40: =B40 | AG40: =C40 | AZ40: =IFERROR(TRUNC(AVERAGE(AH40:AY40),2),"")*70/100 -> 0 | BB40: ='PROY. INTER'!AX40 -> 0 | BC40: =AVERAGE(BA40:BB40) -> 0 | BD40: =BC40*30/100 -> 0 | BE40: =IFERROR(TRUNC(SUM(AZ40+BD40),2),"") -> 0 | BI40: 29 | BJ40: =B40 | BK40: =C40 | CD40: =IFERROR(TRUNC(AVERAGE(BL40:CC40),2),"")*70/100 -> 0 | CF40: ='PROY. INTER'!BY40 -> 0 | CG40: =AVERAGE(CE40:CF40) -> 0 | CH40: =CG40*30/100 -> 0 | CI40: =IFERROR(TRUNC(SUM(CD40+CH40),2),"") -> 0 | CM40: 29 | CN40: =B40 | CO40: =C40 | CP40: =AA40 -> 0 | CQ40: =BE40 -> 0 | CR40: =CI40 -> 0 | CS40: =IFERROR(TRUNC(AVERAGE(CP40:CR40),2),"")*100/100 -> 0 | CT40: =IF(CS40="","",IF(CS40>=7,"APROBADO",IF(AND(CS40<=6.99,CS40>=5),"SUPLETORIO","REPROBADO"))) -> REPROBADO | CX40: 29 | CY40: =B40 | CZ40: =C40 | DA40: =CS40 -> 0 | DC40: =IF(DA40>=7,DA40,IF(DA40="","",IF(DB40="",AVERAGE(DA40:DB40),IF(AND(DA40<4.01,DB40<>""),DA40,IF(DB40<7,DA40,7))))) -> 0 | DD40: =IF(AND(DA40>=7,DB40<>""),"DEJE EN BLANCO EL CASILLERO SUPLETORIO",IF(DA40="","",IF(AND(DA40<5,DB40<>""),"NO PUEDE RENDIR SUPLETORIO;REPRUEBA EL GRADO",IF(DC40<7,"NO PROMOVIDO","PROMOVIDO")))) -> NO PROMOVIDO
A41: 30 | B41: =LEN!B41 | C41: =LEN!C41 | V41: =IFERROR(TRUNC(AVERAGE(D41:U41),2),"")*70/100 -> 0 | X41: ='PROY. INTER'!W41 -> 0 | Y41: =AVERAGE(W41:X41) -> 0 | Z41: =Y41*30/100 -> 0 | AA41: =IFERROR(TRUNC(SUM(V41+Z41),2),"") -> 0 | AE41: 30 | AF41: =B41 | AG41: =C41 | AZ41: =IFERROR(TRUNC(AVERAGE(AH41:AY41),2),"")*70/100 -> 0 | BB41: ='PROY. INTER'!AX41 -> 0 | BC41: =AVERAGE(BA41:BB41) -> 0 | BD41: =BC41*30/100 -> 0 | BE41: =IFERROR(TRUNC(SUM(AZ41+BD41),2),"") -> 0 | BI41: 30 | BJ41: =B41 | BK41: =C41 | CD41: =IFERROR(TRUNC(AVERAGE(BL41:CC41),2),"")*70/100 -> 0 | CF41: ='PROY. INTER'!BY41 -> 0 | CG41: =AVERAGE(CE41:CF41) -> 0 | CH41: =CG41*30/100 -> 0 | CI41: =IFERROR(TRUNC(SUM(CD41+CH41),2),"") -> 0 | CM41: 30 | CN41: =B41 | CO41: =C41 | CP41: =AA41 -> 0 | CQ41: =BE41 -> 0 | CR41: =CI41 -> 0 | CS41: =IFERROR(TRUNC(AVERAGE(CP41:CR41),2),"")*100/100 -> 0 | CT41: =IF(CS41="","",IF(CS41>=7,"APROBADO",IF(AND(CS41<=6.99,CS41>=5),"SUPLETORIO","REPROBADO"))) -> REPROBADO | CX41: 30 | CY41: =B41 | CZ41: =C41 | DA41: =CS41 -> 0 | DC41: =IF(DA41>=7,DA41,IF(DA41="","",IF(DB41="",AVERAGE(DA41:DB41),IF(AND(DA41<4.01,DB41<>""),DA41,IF(DB41<7,DA41,7))))) -> 0 | DD41: =IF(AND(DA41>=7,DB41<>""),"DEJE EN BLANCO EL CASILLERO SUPLETORIO",IF(DA41="","",IF(AND(DA41<5,DB41<>""),"NO PUEDE RENDIR SUPLETORIO;REPRUEBA EL GRADO",IF(DC41<7,"NO PROMOVIDO","PROMOVIDO")))) -> NO PROMOVIDO
A42: 31 | B42: =LEN!B42 | C42: =LEN!C42 | V42: =IFERROR(TRUNC(AVERAGE(D42:U42),2),"")*70/100 -> 0 | X42: ='PROY. INTER'!W42 -> 0 | Y42: =AVERAGE(W42:X42) -> 0 | Z42: =Y42*30/100 -> 0 | AA42: =IFERROR(TRUNC(SUM(V42+Z42),2),"") -> 0 | AE42: 31 | AF42: =B42 | AG42: =C42 | AZ42: =IFERROR(TRUNC(AVERAGE(AH42:AY42),2),"")*70/100 -> 0 | BB42: ='PROY. INTER'!AX42 -> 0 | BC42: =AVERAGE(BA42:BB42) -> 0 | BD42: =BC42*30/100 -> 0 | BE42: =IFERROR(TRUNC(SUM(AZ42+BD42),2),"") -> 0 | BI42: 31 | BJ42: =B42 | BK42: =C42 | CD42: =IFERROR(TRUNC(AVERAGE(BL42:CC42),2),"")*70/100 -> 0 | CF42: ='PROY. INTER'!BY42 -> 0 | CG42: =AVERAGE(CE42:CF42) -> 0 | CH42: =CG42*30/100 -> 0 | CI42: =IFERROR(TRUNC(SUM(CD42+CH42),2),"") -> 0 | CM42: 31 | CN42: =B42 | CO42: =C42 | CP42: =AA42 -> 0 | CQ42: =BE42 -> 0 | CR42: =CI42 -> 0 | CS42: =IFERROR(TRUNC(AVERAGE(CP42:CR42),2),"")*100/100 -> 0 | CT42: =IF(CS42="","",IF(CS42>=7,"APROBADO",IF(AND(CS42<=6.99,CS42>=5),"SUPLETORIO","REPROBADO"))) -> REPROBADO | CX42: 31 | CY42: =B42 | CZ42: =C42 | DA42: =CS42 -> 0 | DC42: =IF(DA42>=7,DA42,IF(DA42="","",IF(DB42="",AVERAGE(DA42:DB42),IF(AND(DA42<4.01,DB42<>""),DA42,IF(DB42<7,DA42,7))))) -> 0 | DD42: =IF(AND(DA42>=7,DB42<>""),"DEJE EN BLANCO EL CASILLERO SUPLETORIO",IF(DA42="","",IF(AND(DA42<5,DB42<>""),"NO PUEDE RENDIR SUPLETORIO;REPRUEBA EL GRADO",IF(DC42<7,"NO PROMOVIDO","PROMOVIDO")))) -> NO PROMOVIDO
A43: 32 | B43: =LEN!B43 | C43: =LEN!C43 | V43: =IFERROR(TRUNC(AVERAGE(D43:U43),2),"")*70/100 -> 0 | X43: ='PROY. INTER'!W43 -> 0 | Y43: =AVERAGE(W43:X43) -> 0 | Z43: =Y43*30/100 -> 0 | AA43: =IFERROR(TRUNC(SUM(V43+Z43),2),"") -> 0 | AE43: 32 | AF43: =B43 | AG43: =C43 | AZ43: =IFERROR(TRUNC(AVERAGE(AH43:AY43),2),"")*70/100 -> 0 | BB43: ='PROY. INTER'!AX43 -> 0 | BC43: =AVERAGE(BA43:BB43) -> 0 | BD43: =BC43*30/100 -> 0 | BE43: =IFERROR(TRUNC(SUM(AZ43+BD43),2),"") -> 0 | BI43: 32 | BJ43: =B43 | BK43: =C43 | CD43: =IFERROR(TRUNC(AVERAGE(BL43:CC43),2),"")*70/100 -> 0 | CF43: ='PROY. INTER'!BY43 -> 0 | CG43: =AVERAGE(CE43:CF43) -> 0 | CH43: =CG43*30/100 -> 0 | CI43: =IFERROR(TRUNC(SUM(CD43+CH43),2),"") -> 0 | CM43: 32 | CN43: =B43 | CO43: =C43 | CP43: =AA43 -> 0 | CQ43: =BE43 -> 0 | CR43: =CI43 -> 0 | CS43: =IFERROR(TRUNC(AVERAGE(CP43:CR43),2),"")*100/100 -> 0 | CT43: =IF(CS43="","",IF(CS43>=7,"APROBADO",IF(AND(CS43<=6.99,CS43>=5),"SUPLETORIO","REPROBADO"))) -> REPROBADO | CX43: 32 | CY43: =B43 | CZ43: =C43 | DA43: =CS43 -> 0 | DC43: =IF(DA43>=7,DA43,IF(DA43="","",IF(DB43="",AVERAGE(DA43:DB43),IF(AND(DA43<4.01,DB43<>""),DA43,IF(DB43<7,DA43,7))))) -> 0 | DD43: =IF(AND(DA43>=7,DB43<>""),"DEJE EN BLANCO EL CASILLERO SUPLETORIO",IF(DA43="","",IF(AND(DA43<5,DB43<>""),"NO PUEDE RENDIR SUPLETORIO;REPRUEBA EL GRADO",IF(DC43<7,"NO PROMOVIDO","PROMOVIDO")))) -> NO PROMOVIDO
A44: 33 | B44: =LEN!B44 | C44: =LEN!C44 | V44: =IFERROR(TRUNC(AVERAGE(D44:U44),2),"")*70/100 -> 0 | X44: ='PROY. INTER'!W44 -> 0 | Y44: =AVERAGE(W44:X44) -> 0 | Z44: =Y44*30/100 -> 0 | AA44: =IFERROR(TRUNC(SUM(V44+Z44),2),"") -> 0 | AE44: 33 | AF44: =B44 | AG44: =C44 | AZ44: =IFERROR(TRUNC(AVERAGE(AH44:AY44),2),"")*70/100 -> 0 | BB44: ='PROY. INTER'!AX44 -> 0 | BC44: =AVERAGE(BA44:BB44) -> 0 | BD44: =BC44*30/100 -> 0 | BE44: =IFERROR(TRUNC(SUM(AZ44+BD44),2),"") -> 0 | BI44: 33 | BJ44: =B44 | BK44: =C44 | CD44: =IFERROR(TRUNC(AVERAGE(BL44:CC44),2),"")*70/100 -> 0 | CF44: ='PROY. INTER'!BY44 -> 0 | CG44: =AVERAGE(CE44:CF44) -> 0 | CH44: =CG44*30/100 -> 0 | CI44: =IFERROR(TRUNC(SUM(CD44+CH44),2),"") -> 0 | CM44: 33 | CN44: =B44 | CO44: =C44 | CP44: =AA44 -> 0 | CQ44: =BE44 -> 0 | CR44: =CI44 -> 0 | CS44: =IFERROR(TRUNC(AVERAGE(CP44:CR44),2),"")*100/100 -> 0 | CT44: =IF(CS44="","",IF(CS44>=7,"APROBADO",IF(AND(CS44<=6.99,CS44>=5),"SUPLETORIO","REPROBADO"))) -> REPROBADO | CX44: 33 | CY44: =B44 | CZ44: =C44 | DA44: =CS44 -> 0 | DC44: =IF(DA44>=7,DA44,IF(DA44="","",IF(DB44="",AVERAGE(DA44:DB44),IF(AND(DA44<4.01,DB44<>""),DA44,IF(DB44<7,DA44,7))))) -> 0 | DD44: =IF(AND(DA44>=7,DB44<>""),"DEJE EN BLANCO EL CASILLERO SUPLETORIO",IF(DA44="","",IF(AND(DA44<5,DB44<>""),"NO PUEDE RENDIR SUPLETORIO;REPRUEBA EL GRADO",IF(DC44<7,"NO PROMOVIDO","PROMOVIDO")))) -> NO PROMOVIDO
A45: 34 | B45: =LEN!B45 | C45: =LEN!C45 | V45: =IFERROR(TRUNC(AVERAGE(D45:U45),2),"")*70/100 -> 0 | X45: ='PROY. INTER'!W45 -> 0 | Y45: =AVERAGE(W45:X45) -> 0 | Z45: =Y45*30/100 -> 0 | AA45: =IFERROR(TRUNC(SUM(V45+Z45),2),"") -> 0 | AE45: 34 | AF45: =B45 | AG45: =C45 | AZ45: =IFERROR(TRUNC(AVERAGE(AH45:AY45),2),"")*70/100 -> 0 | BB45: ='PROY. INTER'!AX45 -> 0 | BC45: =AVERAGE(BA45:BB45) -> 0 | BD45: =BC45*30/100 -> 0 | BE45: =IFERROR(TRUNC(SUM(AZ45+BD45),2),"") -> 0 | BI45: 34 | BJ45: =B45 | BK45: =C45 | CD45: =IFERROR(TRUNC(AVERAGE(BL45:CC45),2),"")*70/100 -> 0 | CF45: ='PROY. INTER'!BY45 -> 0 | CG45: =AVERAGE(CE45:CF45) -> 0 | CH45: =CG45*30/100 -> 0 | CI45: =IFERROR(TRUNC(SUM(CD45+CH45),2),"") -> 0 | CM45: 34 | CN45: =B45 | CO45: =C45 | CP45: =AA45 -> 0 | CQ45: =BE45 -> 0 | CR45: =CI45 -> 0 | CS45: =IFERROR(TRUNC(AVERAGE(CP45:CR45),2),"")*100/100 -> 0 | CT45: =IF(CS45="","",IF(CS45>=7,"APROBADO",IF(AND(CS45<=6.99,CS45>=5),"SUPLETORIO","REPROBADO"))) -> REPROBADO | CX45: 34 | CY45: =B45 | CZ45: =C45 | DA45: =CS45 -> 0 | DC45: =IF(DA45>=7,DA45,IF(DA45="","",IF(DB45="",AVERAGE(DA45:DB45),IF(AND(DA45<4.01,DB45<>""),DA45,IF(DB45<7,DA45,7))))) -> 0 | DD45: =IF(AND(DA45>=7,DB45<>""),"DEJE EN BLANCO EL CASILLERO SUPLETORIO",IF(DA45="","",IF(AND(DA45<5,DB45<>""),"NO PUEDE RENDIR SUPLETORIO;REPRUEBA EL GRADO",IF(DC45<7,"NO PROMOVIDO","PROMOVIDO")))) -> NO PROMOVIDO
A46: 35 | B46: =LEN!B46 | C46: =LEN!C46 | V46: =IFERROR(TRUNC(AVERAGE(D46:U46),2),"")*70/100 -> 0 | X46: ='PROY. INTER'!W46 -> 0 | Y46: =AVERAGE(W46:X46) -> 0 | Z46: =Y46*30/100 -> 0 | AA46: =IFERROR(TRUNC(SUM(V46+Z46),2),"") -> 0 | AE46: 35 | AF46: =B46 | AG46: =C46 | AZ46: =IFERROR(TRUNC(AVERAGE(AH46:AY46),2),"")*70/100 -> 0 | BB46: ='PROY. INTER'!AX46 -> 0 | BC46: =AVERAGE(BA46:BB46) -> 0 | BD46: =BC46*30/100 -> 0 | BE46: =IFERROR(TRUNC(SUM(AZ46+BD46),2),"") -> 0 | BI46: 35 | BJ46: =B46 | BK46: =C46 | CD46: =IFERROR(TRUNC(AVERAGE(BL46:CC46),2),"")*70/100 -> 0 | CF46: ='PROY. INTER'!BY46 -> 0 | CG46: =AVERAGE(CE46:CF46) -> 0 | CH46: =CG46*30/100 -> 0 | CI46: =IFERROR(TRUNC(SUM(CD46+CH46),2),"") -> 0 | CM46: 35 | CN46: =B46 | CO46: =C46 | CP46: =AA46 -> 0 | CQ46: =BE46 -> 0 | CR46: =CI46 -> 0 | CS46: =IFERROR(TRUNC(AVERAGE(CP46:CR46),2),"")*100/100 -> 0 | CT46: =IF(CS46="","",IF(CS46>=7,"APROBADO",IF(AND(CS46<=6.99,CS46>=5),"SUPLETORIO","REPROBADO"))) -> REPROBADO | CX46: 35 | CY46: =B46 | CZ46: =C46 | DA46: =CS46 -> 0 | DC46: =IF(DA46>=7,DA46,IF(DA46="","",IF(DB46="",AVERAGE(DA46:DB46),IF(AND(DA46<4.01,DB46<>""),DA46,IF(DB46<7,DA46,7))))) -> 0 | DD46: =IF(AND(DA46>=7,DB46<>""),"DEJE EN BLANCO EL CASILLERO SUPLETORIO",IF(DA46="","",IF(AND(DA46<5,DB46<>""),"NO PUEDE RENDIR SUPLETORIO;REPRUEBA EL GRADO",IF(DC46<7,"NO PROMOVIDO","PROMOVIDO")))) -> NO PROMOVIDO
A47: 36 | B47: =LEN!B47 | C47: =LEN!C47 | V47: =IFERROR(TRUNC(AVERAGE(D47:U47),2),"")*70/100 -> 0 | X47: ='PROY. INTER'!W47 -> 0 | Y47: =AVERAGE(W47:X47) -> 0 | Z47: =Y47*30/100 -> 0 | AA47: =IFERROR(TRUNC(SUM(V47+Z47),2),"") -> 0 | AE47: 36 | AF47: =B47 | AG47: =C47 | AZ47: =IFERROR(TRUNC(AVERAGE(AH47:AY47),2),"")*70/100 -> 0 | BB47: ='PROY. INTER'!AX47 -> 0 | BC47: =AVERAGE(BA47:BB47) -> 0 | BD47: =BC47*30/100 -> 0 | BE47: =IFERROR(TRUNC(SUM(AZ47+BD47),2),"") -> 0 | BI47: 36 | BJ47: =B47 | BK47: =C47 | CD47: =IFERROR(TRUNC(AVERAGE(BL47:CC47),2),"")*70/100 -> 0 | CF47: ='PROY. INTER'!BY47 -> 0 | CG47: =AVERAGE(CE47:CF47) -> 0 | CH47: =CG47*30/100 -> 0 | CI47: =IFERROR(TRUNC(SUM(CD47+CH47),2),"") -> 0 | CM47: 36 | CN47: =B47 | CO47: =C47 | CP47: =AA47 -> 0 | CQ47: =BE47 -> 0 | CR47: =CI47 -> 0 | CS47: =IFERROR(TRUNC(AVERAGE(CP47:CR47),2),"")*100/100 -> 0 | CT47: =IF(CS47="","",IF(CS47>=7,"APROBADO",IF(AND(CS47<=6.99,CS47>=5),"SUPLETORIO","REPROBADO"))) -> REPROBADO | CX47: 36 | CY47: =B47 | CZ47: =C47 | DA47: =CS47 -> 0 | DC47: =IF(DA47>=7,DA47,IF(DA47="","",IF(DB47="",AVERAGE(DA47:DB47),IF(AND(DA47<4.01,DB47<>""),DA47,IF(DB47<7,DA47,7))))) -> 0 | DD47: =IF(AND(DA47>=7,DB47<>""),"DEJE EN BLANCO EL CASILLERO SUPLETORIO",IF(DA47="","",IF(AND(DA47<5,DB47<>""),"NO PUEDE RENDIR SUPLETORIO;REPRUEBA EL GRADO",IF(DC47<7,"NO PROMOVIDO","PROMOVIDO")))) -> NO PROMOVIDO
... A50: 39 | B50: =LEN!B50 | C50: =LEN!C50 | V50: =IFERROR(TRUNC(AVERAGE(D50:U50),2),"")*70/100 -> 0 | X50: ='PROY. INTER'!W50 -> 0 | Y50: =AVERAGE(W50:X50) -> 0 | Z50: =Y50*30/100 -> 0 | AA50: =IFERROR(TRUNC(SUM(V50+Z50),2),"") -> 0 | AE50: 39 | AF50: =B50 | AG50: =C50 | AZ50: =IFERROR(TRUNC(AVERAGE(AH50:AY50),2),"")*70/100 -> 0 | BB50: ='PROY. INTER'!AX50 -> 0 | BC50: =AVERAGE(BA50:BB50) -> 0 | BD50: =BC50*30/100 -> 0 | BE50: =IFERROR(TRUNC(SUM(AZ50+BD50),2),"") -> 0 | BI50: 39 | BJ50: =B50 | BK50: =C50 | CD50: =IFERROR(TRUNC(AVERAGE(BL50:CC50),2),"")*70/100 -> 0 | CF50: ='PROY. INTER'!BY50 -> 0 | CG50: =AVERAGE(CE50:CF50) -> 0 | CH50: =CG50*30/100 -> 0 | CI50: =IFERROR(TRUNC(SUM(CD50+CH50),2),"") -> 0 | CM50: 39 | CN50: =B50 | CO50: =C50 | CP50: =AA50 -> 0 | CQ50: =BE50 -> 0 | CR50: =CI50 -> 0 | CS50: =IFERROR(TRUNC(AVERAGE(CP50:CR50),2),"")*100/100 -> 0 | CT50: =IF(CS50="","",IF(CS50>=7,"APROBADO",IF(AND(CS50<=6.99,CS50>=5),"SUPLETORIO","REPROBADO"))) -> REPROBADO | CX50: 39 | CY50: =B50 | CZ50: =C50 | DA50: =CS50 -> 0 | DC50: =IF(DA50>=7,DA50,IF(DA50="","",IF(DB50="",AVERAGE(DA50:DB50),IF(AND(DA50<4.01,DB50<>""),DA50,IF(DB50<7,DA50,7))))) -> 0 | DD50: =IF(AND(DA50>=7,DB50<>""),"DEJE EN BLANCO EL CASILLERO SUPLETORIO",IF(DA50="","",IF(AND(DA50<5,DB50<>""),"NO PUEDE RENDIR SUPLETORIO;REPRUEBA EL GRADO",IF(DC50<7,"NO PROMOVIDO","PROMOVIDO")))) -> NO PROMOVIDO
A51: 40 | B51: =LEN!B51 | C51: =LEN!C51 | V51: =IFERROR(TRUNC(AVERAGE(D51:U51),2),"")*70/100 -> 0 | X51: ='PROY. INTER'!W56 -> 0 | Y51: =AVERAGE(W51:X51) -> 0 | Z51: =Y51*30/100 -> 0 | AA51: =IFERROR(TRUNC(SUM(V51+Z51),2),"") -> 0 | AE51: 40 | AF51: =B51 | AG51: =C51 | AZ51: =IFERROR(TRUNC(AVERAGE(AH51:AY51),2),"")*70/100 -> 0 | BB51: ='PROY. INTER'!AX56 -> 0 | BC51: =AVERAGE(BA51:BB51) -> 0 | BD51: =BC51*30/100 -> 0 | BE51: =IFERROR(TRUNC(SUM(AZ51+BD51),2),"") -> 0 | BI51: 40 | BJ51: =B51 | BK51: =C51 | CD51: =IFERROR(TRUNC(AVERAGE(BL51:CC51),2),"")*70/100 -> 0 | CF51: ='PROY. INTER'!BY56 -> 0 | CG51: =AVERAGE(CE51:CF51) -> 0 | CH51: =CG51*30/100 -> 0 | CI51: =IFERROR(TRUNC(SUM(CD51+CH51),2),"") -> 0 | CM51: 40 | CN51: =B51 | CO51: =C51 | CP51: =AA51 -> 0 | CQ51: =BE51 -> 0 | CR51: =CI51 -> 0 | CS51: =IFERROR(TRUNC(AVERAGE(CP51:CR51),2),"")*100/100 -> 0 | CT51: =IF(CS51="","",IF(CS51>=7,"APROBADO",IF(AND(CS51<=6.99,CS51>=5),"SUPLETORIO","REPROBADO"))) -> REPROBADO | CX51: 40 | CY51: =B51 | CZ51: =C51 | DA51: =CS51 -> 0 | DC51: =IF(DA51>=7,DA51,IF(DA51="","",IF(DB51="",AVERAGE(DA51:DB51),IF(AND(DA51<4.01,DB51<>""),DA51,IF(DB51<7,DA51,7))))) -> 0 | DD51: =IF(AND(DA51>=7,DB51<>""),"DEJE EN BLANCO EL CASILLERO SUPLETORIO",IF(DA51="","",IF(AND(DA51<5,DB51<>""),"NO PUEDE RENDIR SUPLETORIO;REPRUEBA EL GRADO",IF(DC51<7,"NO PROMOVIDO","PROMOVIDO")))) -> NO PROMOVIDO
A52: 41 | B52: =LEN!B52 | C52: =LEN!C52 | V52: =IFERROR(TRUNC(AVERAGE(D52:U52),2),"")*70/100 -> 0 | X52: ='PROY. INTER'!W57 -> 0 | Y52: =AVERAGE(W52:X52) -> 0 | Z52: =Y52*30/100 -> 0 | AA52: =IFERROR(TRUNC(SUM(V52+Z52),2),"") -> 0 | AE52: 41 | AF52: =B52 | AG52: =C52 | AZ52: =IFERROR(TRUNC(AVERAGE(AH52:AY52),2),"")*70/100 -> 0 | BB52: ='PROY. INTER'!AX57 -> 0 | BC52: =AVERAGE(BA52:BB52) -> 0 | BD52: =BC52*30/100 -> 0 | BE52: =IFERROR(TRUNC(SUM(AZ52+BD52),2),"") -> 0 | BI52: 41 | BJ52: =B52 | BK52: =C52 | CD52: =IFERROR(TRUNC(AVERAGE(BL52:CC52),2),"")*70/100 -> 0 | CF52: ='PROY. INTER'!BY57 -> 0 | CG52: =AVERAGE(CE52:CF52) -> 0 | CH52: =CG52*30/100 -> 0 | CI52: =IFERROR(TRUNC(SUM(CD52+CH52),2),"") -> 0 | CM52: 41 | CN52: =B52 | CO52: =C52 | CP52: =AA52 -> 0 | CQ52: =BE52 -> 0 | CR52: =CI52 -> 0 | CS52: =IFERROR(TRUNC(AVERAGE(CP52:CR52),2),"")*100/100 -> 0 | CT52: =IF(CS52="","",IF(CS52>=7,"APROBADO",IF(AND(CS52<=6.99,CS52>=5),"SUPLETORIO","REPROBADO"))) -> REPROBADO | CX52: 41 | CY52: =B52 | CZ52: =C52 | DA52: =CS52 -> 0 | DC52: =IF(DA52>=7,DA52,IF(DA52="","",IF(DB52="",AVERAGE(DA52:DB52),IF(AND(DA52<4.01,DB52<>""),DA52,IF(DB52<7,DA52,7))))) -> 0 | DD52: =IF(AND(DA52>=7,DB52<>""),"DEJE EN BLANCO EL CASILLERO SUPLETORIO",IF(DA52="","",IF(AND(DA52<5,DB52<>""),"NO PUEDE RENDIR SUPLETORIO;REPRUEBA EL GRADO",IF(DC52<7,"NO PROMOVIDO","PROMOVIDO")))) -> NO PROMOVIDO
A53: 42 | B53: =LEN!B53 | C53: =LEN!C53 | V53: =IFERROR(TRUNC(AVERAGE(D53:U53),2),"")*70/100 -> 0 | X53: ='PROY. INTER'!W58 -> 0 | Y53: =AVERAGE(W53:X53) -> 0 | Z53: =Y53*30/100 -> 0 | AA53: =IFERROR(TRUNC(SUM(V53+Z53),2),"") -> 0 | AE53: 42 | AF53: =B53 | AG53: =C53 | AZ53: =IFERROR(TRUNC(AVERAGE(AH53:AY53),2),"")*70/100 -> 0 | BB53: ='PROY. INTER'!AX58 -> 0 | BC53: =AVERAGE(BA53:BB53) -> 0 | BD53: =BC53*30/100 -> 0 | BE53: =IFERROR(TRUNC(SUM(AZ53+BD53),2),"") -> 0 | BI53: 42 | BJ53: =B53 | BK53: =C53 | CD53: =IFERROR(TRUNC(AVERAGE(BL53:CC53),2),"")*70/100 -> 0 | CF53: ='PROY. INTER'!BY58 -> 0 | CG53: =AVERAGE(CE53:CF53) -> 0 | CH53: =CG53*30/100 -> 0 | CI53: =IFERROR(TRUNC(SUM(CD53+CH53),2),"") -> 0 | CM53: 42 | CN53: =B53 | CO53: =C53 | CP53: =AA53 -> 0 | CQ53: =BE53 -> 0 | CR53: =CI53 -> 0 | CS53: =IFERROR(TRUNC(AVERAGE(CP53:CR53),2),"")*100/100 -> 0 | CT53: =IF(CS53="","",IF(CS53>=7,"APROBADO",IF(AND(CS53<=6.99,CS53>=5),"SUPLETORIO","REPROBADO"))) -> REPROBADO | CX53: 42 | CY53: =B53 | CZ53: =C53 | DA53: =CS53 -> 0 | DC53: =IF(DA53>=7,DA53,IF(DA53="","",IF(DB53="",AVERAGE(DA53:DB53),IF(AND(DA53<4.01,DB53<>""),DA53,IF(DB53<7,DA53,7))))) -> 0 | DD53: =IF(AND(DA53>=7,DB53<>""),"DEJE EN BLANCO EL CASILLERO SUPLETORIO",IF(DA53="","",IF(AND(DA53<5,DB53<>""),"NO PUEDE RENDIR SUPLETORIO;REPRUEBA EL GRADO",IF(DC53<7,"NO PROMOVIDO","PROMOVIDO")))) -> NO PROMOVIDO
A54: 43 | B54: =LEN!B54 | C54: =LEN!C54 | V54: =IFERROR(TRUNC(AVERAGE(D54:U54),2),"")*70/100 -> 0 | X54: ='PROY. INTER'!W60 -> 0 | Y54: =AVERAGE(W54:X54) -> 0 | Z54: =Y54*30/100 -> 0 | AA54: =IFERROR(TRUNC(SUM(V54+Z54),2),"") -> 0 | AE54: 43 | AF54: =B54 | AG54: =C54 | AZ54: =IFERROR(TRUNC(AVERAGE(AH54:AY54),2),"")*70/100 -> 0 | BB54: ='PROY. INTER'!AX60 -> 0 | BC54: =AVERAGE(BA54:BB54) -> 0 | BD54: =BC54*30/100 -> 0 | BE54: =IFERROR(TRUNC(SUM(AZ54+BD54),2),"") -> 0 | BI54: 43 | BJ54: =B54 | BK54: =C54 | CD54: =IFERROR(TRUNC(AVERAGE(BL54:CC54),2),"")*70/100 -> 0 | CF54: ='PROY. INTER'!BY60 -> 0 | CG54: =AVERAGE(CE54:CF54) -> 0 | CH54: =CG54*30/100 -> 0 | CI54: =IFERROR(TRUNC(SUM(CD54+CH54),2),"") -> 0 | CM54: 43 | CN54: =B54 | CO54: =C54 | CP54: =AA54 -> 0 | CQ54: =BE54 -> 0 | CR54: =CI54 -> 0 | CS54: =IFERROR(TRUNC(AVERAGE(CP54:CR54),2),"")*100/100 -> 0 | CT54: =IF(CS54="","",IF(CS54>=7,"APROBADO",IF(AND(CS54<=6.99,CS54>=5),"SUPLETORIO","REPROBADO"))) -> REPROBADO | CX54: 43 | CY54: =B54 | CZ54: =C54 | DA54: =CS54 -> 0 | DC54: =IF(DA54>=7,DA54,IF(DA54="","",IF(DB54="",AVERAGE(DA54:DB54),IF(AND(DA54<4.01,DB54<>""),DA54,IF(DB54<7,DA54,7))))) -> 0 | DD54: =IF(AND(DA54>=7,DB54<>""),"DEJE EN BLANCO EL CASILLERO SUPLETORIO",IF(DA54="","",IF(AND(DA54<5,DB54<>""),"NO PUEDE RENDIR SUPLETORIO;REPRUEBA EL GRADO",IF(DC54<7,"NO PROMOVIDO","PROMOVIDO")))) -> NO PROMOVIDO
A55: 44 | B55: =LEN!B55 | C55: =LEN!C55 | V55: =IFERROR(TRUNC(AVERAGE(D55:U55),2),"")*70/100 -> 0 | X55: ='PROY. INTER'!W61 -> 0 | Y55: =AVERAGE(W55:X55) -> 0 | Z55: =Y55*30/100 -> 0 | AA55: =IFERROR(TRUNC(SUM(V55+Z55),2),"") -> 0 | AE55: 44 | AF55: =B55 | AG55: =C55 | AZ55: =IFERROR(TRUNC(AVERAGE(AH55:AY55),2),"")*70/100 -> 0 | BB55: ='PROY. INTER'!AX61 -> 0 | BC55: =AVERAGE(BA55:BB55) -> 0 | BD55: =BC55*30/100 -> 0 | BE55: =IFERROR(TRUNC(SUM(AZ55+BD55),2),"") -> 0 | BI55: 44 | BJ55: =B55 | BK55: =C55 | CD55: =IFERROR(TRUNC(AVERAGE(BL55:CC55),2),"")*70/100 -> 0 | CF55: ='PROY. INTER'!BY61 -> 0 | CG55: =AVERAGE(CE55:CF55) -> 0 | CH55: =CG55*30/100 -> 0 | CI55: =IFERROR(TRUNC(SUM(CD55+CH55),2),"") -> 0 | CM55: 44 | CN55: =B55 | CO55: =C55 | CP55: =AA55 -> 0 | CQ55: =BE55 -> 0 | CR55: =CI55 -> 0 | CS55: =IFERROR(TRUNC(AVERAGE(CP55:CR55),2),"")*100/100 -> 0 | CT55: =IF(CS55="","",IF(CS55>=7,"APROBADO",IF(AND(CS55<=6.99,CS55>=5),"SUPLETORIO","REPROBADO"))) -> REPROBADO | CX55: 44 | CY55: =B55 | CZ55: =C55 | DA55: =CS55 -> 0 | DC55: =IF(DA55>=7,DA55,IF(DA55="","",IF(DB55="",AVERAGE(DA55:DB55),IF(AND(DA55<4.01,DB55<>""),DA55,IF(DB55<7,DA55,7))))) -> 0 | DD55: =IF(AND(DA55>=7,DB55<>""),"DEJE EN BLANCO EL CASILLERO SUPLETORIO",IF(DA55="","",IF(AND(DA55<5,DB55<>""),"NO PUEDE RENDIR SUPLETORIO;REPRUEBA EL GRADO",IF(DC55<7,"NO PROMOVIDO","PROMOVIDO")))) -> NO PROMOVIDO
A56: 45 | B56: =LEN!B56 | C56: =LEN!C56 | V56: =IFERROR(TRUNC(AVERAGE(D56:U56),2),"")*70/100 -> 0 | X56: ='PROY. INTER'!W62 | Y56: =AVERAGE(W56:X56) -> #DIV/0! | Z56: =Y56*30/100 -> #DIV/0! | AA56: =IFERROR(TRUNC(SUM(V56+Z56),2),"") | AE56: 45 | AF56: =B56 | AG56: =C56 | AZ56: =IFERROR(TRUNC(AVERAGE(AH56:AY56),2),"")*70/100 -> 0 | BB56: ='PROY. INTER'!AX62 | BC56: =AVERAGE(BA56:BB56) -> #DIV/0! | BD56: =BC56*30/100 -> #DIV/0! | BE56: =IFERROR(TRUNC(SUM(AZ56+BD56),2),"") | BI56: 45 | BJ56: =B56 | BK56: =C56 | CD56: =IFERROR(TRUNC(AVERAGE(BL56:CC56),2),"")*70/100 -> 0 | CF56: ='PROY. INTER'!BY62 | CG56: =AVERAGE(CE56:CF56) -> #DIV/0! | CH56: =CG56*30/100 -> #DIV/0! | CI56: =IFERROR(TRUNC(SUM(CD56+CH56),2),"") | CM56: 45 | CN56: =B56 | CO56: =C56 | CP56: =AA56 | CQ56: =BE56 | CR56: =CI56 | CS56: =IFERROR(TRUNC(AVERAGE(CP56:CR56),2),"")*100/100 -> 0 | CT56: =IF(CS56="","",IF(CS56>=7,"APROBADO",IF(AND(CS56<=6.99,CS56>=5),"SUPLETORIO","REPROBADO"))) -> REPROBADO | CX56: 45 | CY56: =B56 | CZ56: =C56 | DA56: =CS56 -> 0 | DC56: =IF(DA56>=7,DA56,IF(DA56="","",IF(DB56="",AVERAGE(DA56:DB56),IF(AND(DA56<4.01,DB56<>""),DA56,IF(DB56<7,DA56,7))))) -> 0 | DD56: =IF(AND(DA56>=7,DB56<>""),"DEJE EN BLANCO EL CASILLERO SUPLETORIO",IF(DA56="","",IF(AND(DA56<5,DB56<>""),"NO PUEDE RENDIR SUPLETORIO;REPRUEBA EL GRADO",IF(DC56<7,"NO PROMOVIDO","PROMOVIDO")))) -> NO PROMOVIDO
A57: 46 | B57: =LEN!B57 | C57: =LEN!C57 | V57: =IFERROR(TRUNC(AVERAGE(D57:U57),2),"")*70/100 -> 0 | X57: ='PROY. INTER'!W63 | Y57: =AVERAGE(W57:X57) -> #DIV/0! | Z57: =Y57*30/100 -> #DIV/0! | AA57: =IFERROR(TRUNC(SUM(V57+Z57),2),"") | AE57: 46 | AF57: =B57 | AG57: =C57 | AZ57: =IFERROR(TRUNC(AVERAGE(AH57:AY57),2),"")*70/100 -> 0 | BB57: ='PROY. INTER'!AX63 | BC57: =AVERAGE(BA57:BB57) -> #DIV/0! | BD57: =BC57*30/100 -> #DIV/0! | BE57: =IFERROR(TRUNC(SUM(AZ57+BD57),2),"") | BI57: 46 | BJ57: =B57 | BK57: =C57 | CD57: =IFERROR(TRUNC(AVERAGE(BL57:CC57),2),"")*70/100 -> 0 | CF57: ='PROY. INTER'!BY63 | CG57: =AVERAGE(CE57:CF57) -> #DIV/0! | CH57: =CG57*30/100 -> #DIV/0! | CI57: =IFERROR(TRUNC(SUM(CD57+CH57),2),"") | CM57: 46 | CN57: =B57 | CO57: =C57 | CP57: =AA57 | CQ57: =BE57 | CR57: =CI57 | CS57: =IFERROR(TRUNC(AVERAGE(CP57:CR57),2),"")*100/100 -> 0 | CT57: =IF(CS57="","",IF(CS57>=7,"APROBADO",IF(AND(CS57<=6.99,CS57>=5),"SUPLETORIO","REPROBADO"))) -> REPROBADO | CX57: 46 | CY57: =B57 | CZ57: =C57 | DA57: =CS57 -> 0 | DC57: =IF(DA57>=7,DA57,IF(DA57="","",IF(DB57="",AVERAGE(DA57:DB57),IF(AND(DA57<4.01,DB57<>""),DA57,IF(DB57<7,DA57,7))))) -> 0 | DD57: =IF(AND(DA57>=7,DB57<>""),"DEJE EN BLANCO EL CASILLERO SUPLETORIO",IF(DA57="","",IF(AND(DA57<5,DB57<>""),"NO PUEDE RENDIR SUPLETORIO;REPRUEBA EL GRADO",IF(DC57<7,"NO PROMOVIDO","PROMOVIDO")))) -> NO PROMOVIDO
A58: 47 | B58: =LEN!B58 | C58: =LEN!C58 | V58: =IFERROR(TRUNC(AVERAGE(D58:U58),2),"")*70/100 -> 0 | X58: ='PROY. INTER'!W64 | Y58: =AVERAGE(W58:X58) -> #DIV/0! | Z58: =Y58*30/100 -> #DIV/0! | AA58: =IFERROR(TRUNC(SUM(V58+Z58),2),"") | AE58: 47 | AF58: =B58 | AG58: =C58 | AZ58: =IFERROR(TRUNC(AVERAGE(AH58:AY58),2),"")*70/100 -> 0 | BB58: ='PROY. INTER'!AX64 | BC58: =AVERAGE(BA58:BB58) -> #DIV/0! | BD58: =BC58*30/100 -> #DIV/0! | BE58: =IFERROR(TRUNC(SUM(AZ58+BD58),2),"") | BI58: 47 | BJ58: =B58 | BK58: =C58 | CD58: =IFERROR(TRUNC(AVERAGE(BL58:CC58),2),"")*70/100 -> 0 | CF58: ='PROY. INTER'!BY64 | CG58: =AVERAGE(CE58:CF58) -> #DIV/0! | CH58: =CG58*30/100 -> #DIV/0! | CI58: =IFERROR(TRUNC(SUM(CD58+CH58),2),"") | CM58: 47 | CN58: =B58 | CO58: =C58 | CP58: =AA58 | CQ58: =BE58 | CR58: =CI58 | CS58: =IFERROR(TRUNC(AVERAGE(CP58:CR58),2),"")*100/100 -> 0 | CT58: =IF(CS58="","",IF(CS58>=7,"APROBADO",IF(AND(CS58<=6.99,CS58>=5),"SUPLETORIO","REPROBADO"))) -> REPROBADO | CX58: 47 | CY58: =B58 | CZ58: =C58 | DA58: =CS58 -> 0 | DC58: =IF(DA58>=7,DA58,IF(DA58="","",IF(DB58="",AVERAGE(DA58:DB58),IF(AND(DA58<4.01,DB58<>""),DA58,IF(DB58<7,DA58,7))))) -> 0 | DD58: =IF(AND(DA58>=7,DB58<>""),"DEJE EN BLANCO EL CASILLERO SUPLETORIO",IF(DA58="","",IF(AND(DA58<5,DB58<>""),"NO PUEDE RENDIR SUPLETORIO;REPRUEBA EL GRADO",IF(DC58<7,"NO PROMOVIDO","PROMOVIDO")))) -> NO PROMOVIDO
A59: 48 | B59: =LEN!B59 | C59: =LEN!C59 | V59: =IFERROR(TRUNC(AVERAGE(D59:U59),2),"")*70/100 -> 0 | X59: ='PROY. INTER'!W65 | Y59: =AVERAGE(W59:X59) -> #DIV/0! | Z59: =Y59*30/100 -> #DIV/0! | AA59: =IFERROR(TRUNC(SUM(V59+Z59),2),"") | AE59: 48 | AF59: =B59 | AG59: =C59 | AZ59: =IFERROR(TRUNC(AVERAGE(AH59:AY59),2),"")*70/100 -> 0 | BB59: ='PROY. INTER'!AX65 | BC59: =AVERAGE(BA59:BB59) -> #DIV/0! | BD59: =BC59*30/100 -> #DIV/0! | BE59: =IFERROR(TRUNC(SUM(AZ59+BD59),2),"") | BI59: 48 | BJ59: =B59 | BK59: =C59 | CD59: =IFERROR(TRUNC(AVERAGE(BL59:CC59),2),"")*70/100 -> 0 | CF59: ='PROY. INTER'!BY65 | CG59: =AVERAGE(CE59:CF59) -> #DIV/0! | CH59: =CG59*30/100 -> #DIV/0! | CI59: =IFERROR(TRUNC(SUM(CD59+CH59),2),"") | CM59: 48 | CN59: =B59 | CO59: =C59 | CP59: =AA59 | CQ59: =BE59 | CR59: =CI59 | CS59: =IFERROR(TRUNC(AVERAGE(CP59:CR59),2),"")*100/100 -> 0 | CT59: =IF(CS59="","",IF(CS59>=7,"APROBADO",IF(AND(CS59<=6.99,CS59>=5),"SUPLETORIO","REPROBADO"))) -> REPROBADO | CX59: 48 | CY59: =B59 | CZ59: =C59 | DA59: =CS59 -> 0 | DC59: =IF(DA59>=7,DA59,IF(DA59="","",IF(DB59="",AVERAGE(DA59:DB59),IF(AND(DA59<4.01,DB59<>""),DA59,IF(DB59<7,DA59,7))))) -> 0 | DD59: =IF(AND(DA59>=7,DB59<>""),"DEJE EN BLANCO EL CASILLERO SUPLETORIO",IF(DA59="","",IF(AND(DA59<5,DB59<>""),"NO PUEDE RENDIR SUPLETORIO;REPRUEBA EL GRADO",IF(DC59<7,"NO PROMOVIDO","PROMOVIDO")))) -> NO PROMOVIDO
A60: 49 | B60: =LEN!B60 | C60: =LEN!C60 | V60: =IFERROR(TRUNC(AVERAGE(D60:U60),2),"")*70/100 -> 0 | X60: ='PROY. INTER'!W66 | Y60: =AVERAGE(W60:X60) -> #DIV/0! | Z60: =Y60*30/100 -> #DIV/0! | AA60: =IFERROR(TRUNC(SUM(V60+Z60),2),"") | AE60: 49 | AF60: =B60 | AG60: =C60 | AZ60: =IFERROR(TRUNC(AVERAGE(AH60:AY60),2),"")*70/100 -> 0 | BB60: ='PROY. INTER'!AX66 | BC60: =AVERAGE(BA60:BB60) -> #DIV/0! | BD60: =BC60*30/100 -> #DIV/0! | BE60: =IFERROR(TRUNC(SUM(AZ60+BD60),2),"") | BI60: 49 | BJ60: =B60 | BK60: =C60 | CD60: =IFERROR(TRUNC(AVERAGE(BL60:CC60),2),"")*70/100 -> 0 | CF60: ='PROY. INTER'!BY66 | CG60: =AVERAGE(CE60:CF60) -> #DIV/0! | CH60: =CG60*30/100 -> #DIV/0! | CI60: =IFERROR(TRUNC(SUM(CD60+CH60),2),"") | CM60: 49 | CN60: =B60 | CO60: =C60 | CP60: =AA60 | CQ60: =BE60 | CR60: =CI60 | CS60: =IFERROR(TRUNC(AVERAGE(CP60:CR60),2),"")*100/100 -> 0 | CT60: =IF(CS60="","",IF(CS60>=7,"APROBADO",IF(AND(CS60<=6.99,CS60>=5),"SUPLETORIO","REPROBADO"))) -> REPROBADO | CX60: 49 | CY60: =B60 | CZ60: =C60 | DA60: =CS60 -> 0 | DC60: =IF(DA60>=7,DA60,IF(DA60="","",IF(DB60="",AVERAGE(DA60:DB60),IF(AND(DA60<4.01,DB60<>""),DA60,IF(DB60<7,DA60,7))))) -> 0 | DD60: =IF(AND(DA60>=7,DB60<>""),"DEJE EN BLANCO EL CASILLERO SUPLETORIO",IF(DA60="","",IF(AND(DA60<5,DB60<>""),"NO PUEDE RENDIR SUPLETORIO;REPRUEBA EL GRADO",IF(DC60<7,"NO PROMOVIDO","PROMOVIDO")))) -> NO PROMOVIDO
A61: 50 | B61: =LEN!B61 | C61: =LEN!C61 | V61: =IFERROR(TRUNC(AVERAGE(D61:U61),2),"")*70/100 -> 0 | X61: ='PROY. INTER'!W67 | Y61: =AVERAGE(W61:X61) -> #DIV/0! | Z61: =Y61*30/100 -> #DIV/0! | AA61: =IFERROR(TRUNC(SUM(V61+Z61),2),"") | AE61: 50 | AF61: =B61 | AG61: =C61 | AZ61: =IFERROR(TRUNC(AVERAGE(AH61:AY61),2),"")*70/100 -> 0 | BB61: ='PROY. INTER'!AX67 | BC61: =AVERAGE(BA61:BB61) -> #DIV/0! | BD61: =BC61*30/100 -> #DIV/0! | BE61: =IFERROR(TRUNC(SUM(AZ61+BD61),2),"") | BI61: 50 | BJ61: =B61 | BK61: =C61 | CD61: =IFERROR(TRUNC(AVERAGE(BL61:CC61),2),"")*70/100 -> 0 | CF61: ='PROY. INTER'!BY67 | CG61: =AVERAGE(CE61:CF61) -> #DIV/0! | CH61: =CG61*30/100 -> #DIV/0! | CI61: =IFERROR(TRUNC(SUM(CD61+CH61),2),"") | CM61: 50 | CN61: =B61 | CO61: =C61 | CP61: =AA61 | CQ61: =BE61 | CR61: =CI61 | CS61: =IFERROR(TRUNC(AVERAGE(CP61:CR61),2),"")*100/100 -> 0 | CT61: =IF(CS61="","",IF(CS61>=7,"APROBADO",IF(AND(CS61<=6.99,CS61>=5),"SUPLETORIO","REPROBADO"))) -> REPROBADO | CX61: 50 | CY61: =B61 | CZ61: =C61 | DA61: =CS61 -> 0 | DC61: =IF(DA61>=7,DA61,IF(DA61="","",IF(DB61="",AVERAGE(DA61:DB61),IF(AND(DA61<4.01,DB61<>""),DA61,IF(DB61<7,DA61,7))))) -> 0 | DD61: =IF(AND(DA61>=7,DB61<>""),"DEJE EN BLANCO EL CASILLERO SUPLETORIO",IF(DA61="","",IF(AND(DA61<5,DB61<>""),"NO PUEDE RENDIR SUPLETORIO;REPRUEBA EL GRADO",IF(DC61<7,"NO PROMOVIDO","PROMOVIDO")))) -> NO PROMOVIDO
CO63: ESTUDIANTES: | CP63: =COUNTIF(CS12:CS61,">0") -> 24
CO64: PROMEDIO DE RENDIMIENTO | CP64: =SUM(CS12:CS61)/CP63 -> 5.2716667
CO66: CALIFICACIÓN ANUAL | CQ66: =#REF! -> #REF!
CO67: RANGOS | CQ67: Esc. | CR67: Cant.
CO68: RANGO (10-9 PTS) D.A.R | CQ68: D.A.R | CR68: =COUNTIF(CS12:CS61,">8,99") -> 0
CO69: RANGO (8,99-7 PTS) A.A.R | CQ69: A.A.R | CR69: =COUNTIF(CS12:CS61,">6,99")-CR68 -> 0
CO70: RANGO (6,99-4,01 PTS) P.A.A.R | CQ70: P.A.A.R | CR70: =COUNTIF(CS12:CS61,">4")-CR69-CR68 -> 24
CO71: RANGO (<=4 PTS) N.A.A.R | CQ71: N.A.A.R | CR71: =COUNTIF(CS12:CS61,">0")-CR70-CR69-CR68 -> 0
CQ72: TOTAL | CR72: =SUM(CR68:CR71) -> 24
CO77: DOCENTE TUTOR (A) | CS77: VICERRECTOR/A

Sheet QUIMI
A2: INSTITUCIÓN: | C2: UNIDAD EDUCATIVA EMILIO ISAÍAS ABIHANNA | AE2: INSTITUCIÓN: | AG2: =C2 -> UNIDAD EDUCATIVA EMILIO ISAÍAS ABIHANNA | BI2: INSTITUCIÓN: | BK2: =C2 -> UNIDAD EDUCATIVA EMILIO ISAÍAS ABIHANNA | CM2: INSTITUCIÓN: | CO2: =C2 -> UNIDAD EDUCATIVA EMILIO ISAÍAS ABIHANNA | CX2: INSTITUCIÓN: | CZ2: =C2 -> UNIDAD EDUCATIVA EMILIO ISAÍAS ABIHANNA
A3: DOCENTE: | C3: LCDA. SILVIA DURAN A | AE3: DOCENTE: | AG3: =C3 -> LCDA. SILVIA DURAN A | BI3: DOCENTE: | BK3: =C3 -> LCDA. SILVIA DURAN A | CM3: DOCENTE: | CO3: =C3 -> LCDA. SILVIA DURAN A | CX3: DOCENTE: | CZ3: =C3 -> LCDA. SILVIA DURAN A
A4: GRADO: | C4: =LEN!C4 -> 1ER. AÑO DE BACHILLERATO TECNICO | D4: PARALELO: | G4: =LEN!G4 -> B | AE4: GRADO: | AG4: =C4 -> 1ER. AÑO DE BACHILLERATO TECNICO | AH4: PARALELO: | AK4: =G4 -> B | BI4: GRADO: | BK4: =C4 -> 1ER. AÑO DE BACHILLERATO TECNICO | BL4: PARALELO: | BO4: =G4 -> B | CM4: GRADO: | CO4: =C4 -> 1ER. AÑO DE BACHILLERATO TECNICO | CP4: PARALELO: | CR4: =G4 -> B | CX4: GRADO: | CZ4: =C4 -> 1ER. AÑO DE BACHILLERATO TECNICO | DA4: PARALELO: | DD4: =G4 -> B
A6: PRIMER TRIMESTRE | AE6: SEGUNDO TRIMESTRE | BI6: TERCER TRIMESTRE | CM6: CALIFICACIONES TRIMESTRALES | CX6: SUPLETORIO
A7: MATERIA: QUIMICA | AE7: =A7 -> MATERIA: QUIMICA | BI7: =A7 -> MATERIA: QUIMICA | CM7: =A7 -> MATERIA: QUIMICA | CX7: =A7 -> MATERIA: QUIMICA
A8: ESTUDIANTES | D8: EVALUACIÓN FORMATIVA | T8: REFUERZO PEDAGÓGICO | V8: TOTAL 70% | W8: EXAMEN DEL PRIMER TRIMESTRE | X8: PROYECTO INTERDISCIPLINARIO | Y8: EVALUACIÓN SUMATIVA (PROMEDIO DE EXAMEN+PROYECTO INTERDISCIPLINARIO) | Z8: 0.3 | AA8: TOTAL TRIMESTRE (100%) | AE8: ESTUDIANTES | AH8: EVALUACIÓN FORMATIVA | AX8: REFUERZO PEDAGÓGICO | AZ8: TOTAL 70% | BA8: EXAMEN DEL PRIMER TRIMESTRE | BB8: PROYECTO INTERDISCIPLINARIO | BC8: EVALUACIÓN SUMATIVA (PROMEDIO DE EXAMEN+PROYECTO INTERDISCIPLINARIO) | BD8: 0.3 | BE8: TOTAL TRIMESTRE (100%) | BI8: ESTUDIANTES | BL8: EVALUACIÓN FORMATIVA | CB8: REFUERZO PEDAGÓGICO | CD8: TOTAL 70% | CE8: EXAMEN DEL PRIMER TRIMESTRE | CF8: PROYECTO INTERDISCIPLINARIO | CG8: EVALUACIÓN SUMATIVA (PROMEDIO DE EXAMEN+PROYECTO INTERDISCIPLINARIO) | CH8: 0.3 | CI8: TOTAL TRIMESTRE (100%)
D9: APORTES DISCIPLINARES O INTERDISCIPLINARES INDIVIDUALES | L9: APORTES DISCIPLINARES O INTERDISCIPLINARES GRUPALES | AH9: APORTES DISCIPLINARES O INTERDISCIPLINARES INDIVIDUALES | AP9: APORTES DISCIPLINARES O INTERDISCIPLINARES GRUPALES | BL9: APORTES DISCIPLINARES O INTERDISCIPLINARES INDIVIDUALES | BT9: APORTES DISCIPLINARES O INTERDISCIPLINARES GRUPALES | CP9: =QUIMI!CM10 -> ESTUDIANTES
D10: Lecciones | F10: Pruebas | H10: Tareas | J10: Proyectos | L10: Proyectos | N10: Exposiciones | P10: Talleres | R10: Productos | AH10: Lecciones | AJ10: Pruebas | AL10: Tareas | AN10: Proyectos | AP10: Proyectos | AR10: Exposiciones | AT10: Talleres | AV10: Productos | BL10: Lecciones | BN10: Pruebas | BP10: Tareas | BR10: Proyectos | BT10: Proyectos | BV10: Exposiciones | BX10: Talleres | BZ10: Productos | CM10: ESTUDIANTES | CP10: TRIMESTRES | CS10: NOTA FINAL (100%) | CT10: OBSERVACIÓN | CZ10: ESTUDIANTES | DA10: CUANTIFICACION DE NOTA FINAL /ANUAL
A11: Nº | B11: CÉDULA | C11: APELLIDOS/NOMBRES | D11: INSUMO 1 | E11: INSUMO 2 | F11: INSUMO 1 | G11: INSUMO 2 | H11: INSUMO 1 | I11: INSUMO 2 | J11: INSUMO 1 | K11: INSUMO 2 | L11: INSUMO 1 | M11: INSUMO 2 | N11: INSUMO 1 | O11: INSUMO 2 | P11: INSUMO 1 | Q11: INSUMO 2 | R11: INSUMO 1 | S11: INSUMO 2 | AE11: Nº | AF11: CÉDULA | AG11: APELLIDOS/NOMBRES | AH11: INSUMO 1 | AI11: INSUMO 2 | AJ11: INSUMO 1 | AK11: INSUMO 2 | AL11: INSUMO 1 | AM11: INSUMO 2 | AN11: INSUMO 1 | AO11: INSUMO 2 | AP11: INSUMO 1 | AQ11: INSUMO 2 | AR11: INSUMO 1 | AS11: INSUMO 2 | AT11: INSUMO 1 | AU11: INSUMO 2 | AV11: INSUMO 1 | AW11: INSUMO 2 | BI11: Nº | BJ11: CÉDULA | BK11: APELLIDOS/NOMBRES | BL11: INSUMO 1 | BM11: INSUMO 2 | BN11: INSUMO 1 | BO11: INSUMO 2 | BP11: INSUMO 1 | BQ11: INSUMO 2 | BR11: INSUMO 1 | BS11: INSUMO 2 | BT11: INSUMO 1 | BU11: INSUMO 2 | BV11: INSUMO 1 | BW11: INSUMO 2 | BX11: INSUMO 1 | BY11: INSUMO 2 | BZ11: INSUMO 1 | CA11: INSUMO 2 | CM11: Nº | CN11: CÉDULA | CO11: APELLIDOS/NOMBRES | CP11: 1er | CQ11: 2do | CR11: 3er | CX11: Nº | CY11: CÉDULA | CZ11: APELLIDOS/NOMBRES | DA11: CALF. FINAL | DB11: EXA. SUPLET | DC11: FINAL ANUAL | DD11: OBSERVACIÓN
A12: 1 | B12: =LEN!B12 | C12: =LEN!C12 -> Almeida Alvarado Ariana Guisela | D12: 10 | H12: 10 | P12: 10 | V12: =IFERROR(TRUNC(AVERAGE(D12:U12),2),"")*70/100 -> 7 | W12: 8 | X12: ='PROY. INTER'!W12 -> 10 | Y12: =AVERAGE(W12:X12) -> 9 | Z12: =Y12*30/100 -> 2.7 | AA12: =IFERROR(TRUNC(SUM(V12+Z12),2),"") -> 9.7 | AE12: 1 | AF12: =B12 | AG12: =C12 -> Almeida Alvarado Ariana Guisela | AL12: 10 | AM12: 10 | AT12: 10 | AU12: 10 | AZ12: =IFERROR(TRUNC(AVERAGE(AH12:AY12),2),"")*70/100 -> 7 | BA12: 10 | BB12: ='PROY. INTER'!AX12 -> 10 | BC12: =AVERAGE(BA12:BB12) -> 10 | BD12: =BC12*30/100 -> 3 | BE12: =IFERROR(TRUNC(SUM(AZ12+BD12),2),"") -> 10 | BI12: 1 | BJ12: =B12 | BK12: =C12 -> Almeida Alvarado Ariana Guisela | CD12: =IFERROR(TRUNC(AVERAGE(BL12:CC12),2),"")*70/100 -> 0 | CF12: ='PROY. INTER'!BY12 -> 0 | CG12: =AVERAGE(CE12:CF12) -> 0 | CH12: =CG12*30/100 -> 0 | CI12: =IFERROR(TRUNC(SUM(CD12+CH12),2),"") -> 0 | CM12: 1 | CN12: =B12 | CO12: =C12 -> Almeida Alvarado Ariana Guisela | CP12: =AA12 -> 9.7 | CQ12: =BE12 -> 10 | CR12: =CI12 -> 0 | CS12: =IFERROR(TRUNC(AVERAGE(CP12:CR12),2),"")*100/100 -> 6.56 | CT12: =IF(CS12="","",IF(CS12>=7,"APROBADO",IF(AND(CS12<=6.99,CS12>=5),"SUPLETORIO","REPROBADO"))) -> SUPLETORIO | CX12: 1 | CY12: =B12 | CZ12: =C12 -> Almeida Alvarado Ariana Guisela | DA12: =CS12 -> 6.56 | DC12: =IF(DA12>=7,DA12,IF(DA12="","",IF(DB12="",AVERAGE(DA12:DB12),IF(AND(DA12<4.01,DB12<>""),DA12,IF(DB12<7,DA12,7))))) -> 6.56 | DD12: =IF(AND(DA12>=7,DB12<>""),"DEJE EN BLANCO EL CASILLERO SUPLETORIO",IF(DA12="","",IF(AND(DA12<5,DB12<>""),"NO PUEDE RENDIR SUPLETORIO;REPRUEBA EL GRADO",IF(DC12<7,"NO PROMOVIDO","PROMOVIDO")))) -> NO PROMOVIDO
A13: 2 | B13: =LEN!B13 | C13: =LEN!C13 -> Alvarado Vargas Dacmar Alejandra | D13: 10 | H13: 10 | P13: 10 | V13: =IFERROR(TRUNC(AVERAGE(D13:U13),2),"")*70/100 -> 7 | W13: 7 | X13: ='PROY. INTER'!W13 -> 10 | Y13: =AVERAGE(W13:X13) -> 8.5 | Z13: =Y13*30/100 -> 2.55 | AA13: =IFERROR(TRUNC(SUM(V13+Z13),2),"") -> 9.55 | AE13: 2 | AF13: =B13 | AG13: =C13 -> Alvarado Vargas Dacmar Alejandra | AL13: 10 | AM13: 10 | AT13: 10 | AU13: 10 | AZ13: =IFERROR(TRUNC(AVERAGE(AH13:AY13),2),"")*70/100 -> 7 | BA13: 7 | BB13: ='PROY. INTER'!AX13 -> 10 | BC13: =AVERAGE(BA13:BB13) -> 8.5 | BD13: =BC13*30/100 -> 2.55 | BE13: =IFERROR(TRUNC(SUM(AZ13+BD13),2),"") -> 9.55 | BI13: 2 | BJ13: =B13 | BK13: =C13 -> Alvarado Vargas Dacmar Alejandra | CD13: =IFERROR(TRUNC(AVERAGE(BL13:CC13),2),"")*70/100 -> 0 | CF13: ='PROY. INTER'!BY13 -> 0 | CG13: =AVERAGE(CE13:CF13) -> 0 | CH13: =CG13*30/100 -> 0 | CI13: =IFERROR(TRUNC(SUM(CD13+CH13),2),"") -> 0 | CM13: 2 | CN13: =B13 | CO13: =C13 -> Alvarado Vargas Dacmar Alejandra | CP13: =AA13 -> 9.55 | CQ13: =BE13 -> 9.55 | CR13: =CI13 -> 0 | CS13: =IFERROR(TRUNC(AVERAGE(CP13:CR13),2),"")*100/100 -> 6.36 | CT13: =IF(CS13="","",IF(CS13>=7,"APROBADO",IF(AND(CS13<=6.99,CS13>=5),"SUPLETORIO","REPROBADO"))) -> SUPLETORIO | CX13: 2 | CY13: =B13 | CZ13: =C13 -> Alvarado Vargas Dacmar Alejandra | DA13: =CS13 -> 6.36 | DC13: =IF(DA13>=7,DA13,IF(DA13="","",IF(DB13="",AVERAGE(DA13:DB13),IF(AND(DA13<4.01,DB13<>""),DA13,IF(DB13<7,DA13,7))))) -> 6.36 | DD13: =IF(AND(DA13>=7,DB13<>""),"DEJE EN BLANCO EL CASILLERO SUPLETORIO",IF(DA13="","",IF(AND(DA13<5,DB13<>""),"NO PUEDE RENDIR SUPLETORIO;REPRUEBA EL GRADO",IF(DC13<7,"NO PROMOVIDO","PROMOVIDO")))) -> NO PROMOVIDO
A14: 3 | B14: =LEN!B14 | C14: =LEN!C14 -> Ampuero Cornejo Cesar Jeanpierre | D14: 7 | H14: 10 | P14: 10 | V14: =IFERROR(TRUNC(AVERAGE(D14:U14),2),"")*70/100 -> 6.3 | W14: 7.5 | X14: ='PROY. INTER'!W14 -> 8.2 | Y14: =AVERAGE(W14:X14) -> 7.85 | Z14: =Y14*30/100 -> 2.355 | AA14: =IFERROR(TRUNC(SUM(V14+Z14),2),"") -> 8.65 | AE14: 3 | AF14: =B14 | AG14: =C14 -> Ampuero Cornejo Cesar Jeanpierre | AL14: 9 | AM14: 8 | AT14: 10 | AU14: 8 | AZ14: =IFERROR(TRUNC(AVERAGE(AH14:AY14),2),"")*70/100 -> 6.125 | BA14: 5 | BB14: ='PROY. INTER'!AX14 -> 10 | BC14: =AVERAGE(BA14:BB14) -> 7.5 | BD14: =BC14*30/100 -> 2.25 | BE14: =IFERROR(TRUNC(SUM(AZ14+BD14),2),"") -> 8.37 | BI14: 3 | BJ14: =B14 | BK14: =C14 -> Ampuero Cornejo Cesar Jeanpierre | CD14: =IFERROR(TRUNC(AVERAGE(BL14:CC14),2),"")*70/100 -> 0 | CF14: ='PROY. INTER'!BY14 -> 0 | CG14: =AVERAGE(CE14:CF14) -> 0 | CH14: =CG14*30/100 -> 0 | CI14: =IFERROR(TRUNC(SUM(CD14+CH14),2),"") -> 0 | CM14: 3 | CN14: =B14 | CO14: =C14 -> Ampuero Cornejo Cesar Jeanpierre | CP14: =AA14 -> 8.65 | CQ14: =BE14 -> 8.37 | CR14: =CI14 -> 0 | CS14: =IFERROR(TRUNC(AVERAGE(CP14:CR14),2),"")*100/100 -> 5.67 | CT14: =IF(CS14="","",IF(CS14>=7,"APROBADO",IF(AND(CS14<=6.99,CS14>=5),"SUPLETORIO","REPROBADO"))) -> SUPLETORIO | CX14: 3 | CY14: =B14 | CZ14: =C14 -> Ampuero Cornejo Cesar Jeanpierre | DA14: =CS14 -> 5.67 | DC14: =IF(DA14>=7,DA14,IF(DA14="","",IF(DB14="",AVERAGE(DA14:DB14),IF(AND(DA14<4.01,DB14<>""),DA14,IF(DB14<7,DA14,7))))) -> 5.67 | DD14: =IF(AND(DA14>=7,DB14<>""),"DEJE EN BLANCO EL CASILLERO SUPLETORIO",IF(DA14="","",IF(AND(DA14<5,DB14<>""),"NO PUEDE RENDIR SUPLETORIO;REPRUEBA EL GRADO",IF(DC14<7,"NO PROMOVIDO","PROMOVIDO")))) -> NO PROMOVIDO
A15: 4 | B15: =LEN!B15 | C15: =LEN!C15 -> Aylla Murillo Kerly Kristhel | D15: 5 | H15: 7 | P15: 8 | V15: =IFERROR(TRUNC(AVERAGE(D15:U15),2),"")*70/100 -> 4.662 | W15: 3.4 | X15: ='PROY. INTER'!W15 -> 6.73 | Y15: =AVERAGE(W15:X15) -> 5.065 | Z15: =Y15*30/100 -> 1.5195 | AA15: =IFERROR(TRUNC(SUM(V15+Z15),2),"") -> 6.18 | AE15: 4 | AF15: =B15 | AG15: =C15 -> Aylla Murillo Kerly Kristhel | AL15: 7 | AM15: 8 | AT15: 8 | AU15: 7 | AZ15: =IFERROR(TRUNC(AVERAGE(AH15:AY15),2),"")*70/100 -> 5.25 | BA15: 7 | BB15: ='PROY. INTER'!AX15 -> 10 | BC15: =AVERAGE(BA15:BB15) -> 8.5 | BD15: =BC15*30/100 -> 2.55 | BE15: =IFERROR(TRUNC(SUM(AZ15+BD15),2),"") -> 7.8 | BI15: 4 | BJ15: =B15 | BK15: =C15 -> Aylla Murillo Kerly Kristhel | CD15: =IFERROR(TRUNC(AVERAGE(BL15:CC15),2),"")*70/100 -> 0 | CF15: ='PROY. INTER'!BY15 -> 0 | CG15: =AVERAGE(CE15:CF15) -> 0 | CH15: =CG15*30/100 -> 0 | CI15: =IFERROR(TRUNC(SUM(CD15+CH15),2),"") -> 0 | CM15: 4 | CN15: =B15 | CO15: =C15 -> Aylla Murillo Kerly Kristhel | CP15: =AA15 -> 6.18 | CQ15: =BE15 -> 7.8 | CR15: =CI15 -> 0 | CS15: =IFERROR(TRUNC(AVERAGE(CP15:CR15),2),"")*100/100 -> 4.66 | CT15: =IF(CS15="","",IF(CS15>=7,"APROBADO",IF(AND(CS15<=6.99,CS15>=5),"SUPLETORIO","REPROBADO"))) -> REPROBADO | CX15: 4 | CY15: =B15 | CZ15: =C15 -> Aylla Murillo Kerly Kristhel | DA15: =CS15 -> 4.66 | DC15: =IF(DA15>=7,DA15,IF(DA15="","",IF(DB15="",AVERAGE(DA15:DB15),IF(AND(DA15<4.01,DB15<>""),DA15,IF(DB15<7,DA15,7))))) -> 4.66 | DD15: =IF(AND(DA15>=7,DB15<>""),"DEJE EN BLANCO EL CASILLERO SUPLETORIO",IF(DA15="","",IF(AND(DA15<5,DB15<>""),"NO PUEDE RENDIR SUPLETORIO;REPRUEBA EL GRADO",IF(DC15<7,"NO PROMOVIDO","PROMOVIDO")))) -> NO PROMOVIDO
A16: 5 | B16: =LEN!B16 | C16: =LEN!C16 -> Campuzano Meza Naydelyn Odeth | D16: 10 | H16: 9 | P16: 9 | V16: =IFERROR(TRUNC(AVERAGE(D16:U16),2),"")*70/100 -> 6.531 | W16: 10 | X16: ='PROY. INTER'!W16 -> 6 | Y16: =AVERAGE(W16:X16) -> 8 | Z16: =Y16*30/100 -> 2.4 | AA16: =IFERROR(TRUNC(SUM(V16+Z16),2),"") -> 8.93 | AE16: 5 | AF16: =B16 | AG16: =C16 -> Campuzano Meza Naydelyn Odeth | AL16: 7 | AM16: 7 | AT16: 7 | AU16: 7 | AZ16: =IFERROR(TRUNC(AVERAGE(AH16:AY16),2),"")*70/100 -> 4.9 | BA16: 7 | BB16: ='PROY. INTER'!AX16 -> 2 | BC16: =AVERAGE(BA16:BB16) -> 4.5 | BD16: =BC16*30/100 -> 1.35 | BE16: =IFERROR(TRUNC(SUM(AZ16+BD16),2),"") -> 6.25 | BI16: 5 | BJ16: =B16 | BK16: =C16 -> Campuzano Meza Naydelyn Odeth | CD16: =IFERROR(TRUNC(AVERAGE(BL16:CC16),2),"")*70/100 -> 0 | CF16: ='PROY. INTER'!BY16 -> 0 | CG16: =AVERAGE(CE16:CF16) -> 0 | CH16: =CG16*30/100 -> 0 | CI16: =IFERROR(TRUNC(SUM(CD16+CH16),2),"") -> 0 | CM16: 5 | CN16: =B16 | CO16: =C16 -> Campuzano Meza Naydelyn Odeth | CP16: =AA16 -> 8.93 | CQ16: =BE16 -> 6.25 | CR16: =CI16 -> 0 | CS16: =IFERROR(TRUNC(AVERAGE(CP16:CR16),2),"")*100/100 -> 5.06 | CT16: =IF(CS16="","",IF(CS16>=7,"APROBADO",IF(AND(CS16<=6.99,CS16>=5),"SUPLETORIO","REPROBADO"))) -> SUPLETORIO | CX16: 5 | CY16: =B16 | CZ16: =C16 -> Campuzano Meza Naydelyn Odeth | DA16: =CS16 -> 5.06 | DC16: =IF(DA16>=7,DA16,IF(DA16="","",IF(DB16="",AVERAGE(DA16:DB16),IF(AND(DA16<4.01,DB16<>""),DA16,IF(DB16<7,DA16,7))))) -> 5.06 | DD16: =IF(AND(DA16>=7,DB16<>""),"DEJE EN BLANCO EL CASILLERO SUPLETORIO",IF(DA16="","",IF(AND(DA16<5,DB16<>""),"NO PUEDE RENDIR SUPLETORIO;REPRUEBA EL GRADO",IF(DC16<7,"NO PROMOVIDO","PROMOVIDO")))) -> NO PROMOVIDO
A17: 6 | B17: =LEN!B17 | C17: =LEN!C17 -> Cantos Zúñiga a Hernán Snayder | D17: 10 | H17: 10 | P17: 10 | V17: =IFERROR(TRUNC(AVERAGE(D17:U17),2),"")*70/100 -> 7 | W17: 7 | X17: ='PROY. INTER'!W17 -> 9.87 | Y17: =AVERAGE(W17:X17) -> 8.435 | Z17: =Y17*30/100 -> 2.5305 | AA17: =IFERROR(TRUNC(SUM(V17+Z17),2),"") -> 9.53 | AE17: 6 | AF17: =B17 | AG17: =C17 -> Cantos Zúñiga a Hernán Snayder | AL17: 8 | AM17: 7 | AT17: 8 | AU17: 8 | AZ17: =IFERROR(TRUNC(AVERAGE(AH17:AY17),2),"")*70/100 -> 5.425 | BA17: 7 | BB17: ='PROY. INTER'!AX17 -> 10 | BC17: =AVERAGE(BA17:BB17) -> 8.5 | BD17: =BC17*30/100 -> 2.55 | BE17: =IFERROR(TRUNC(SUM(AZ17+BD17),2),"") -> 7.97 | BI17: 6 | BJ17: =B17 | BK17: =C17 -> Cantos Zúñiga a Hernán Snayder | CD17: =IFERROR(TRUNC(AVERAGE(BL17:CC17),2),"")*70/100 -> 0 | CF17: ='PROY. INTER'!BY17 -> 0 | CG17: =AVERAGE(CE17:CF17) -> 0 | CH17: =CG17*30/100 -> 0 | CI17: =IFERROR(TRUNC(SUM(CD17+CH17),2),"") -> 0 | CM17: 6 | CN17: =B17 | CO17: =C17 -> Cantos Zúñiga a Hernán Snayder | CP17: =AA17 -> 9.53 | CQ17: =BE17 -> 7.97 | CR17: =CI17 -> 0 | CS17: =IFERROR(TRUNC(AVERAGE(CP17:CR17),2),"")*100/100 -> 5.83 | CT17: =IF(CS17="","",IF(CS17>=7,"APROBADO",IF(AND(CS17<=6.99,CS17>=5),"SUPLETORIO","REPROBADO"))) -> SUPLETORIO | CX17: 6 | CY17: =B17 | CZ17: =C17 -> Cantos Zúñiga a Hernán Snayder | DA17: =CS17 -> 5.83 | DC17: =IF(DA17>=7,DA17,IF(DA17="","",IF(DB17="",AVERAGE(DA17:DB17),IF(AND(DA17<4.01,DB17<>""),DA17,IF(DB17<7,DA17,7))))) -> 5.83 | DD17: =IF(AND(DA17>=7,DB17<>""),"DEJE EN BLANCO EL CASILLERO SUPLETORIO",IF(DA17="","",IF(AND(DA17<5,DB17<>""),"NO PUEDE RENDIR SUPLETORIO;REPRUEBA EL GRADO",IF(DC17<7,"NO PROMOVIDO","PROMOVIDO")))) -> NO PROMOVIDO
A18: 7 | B18: =LEN!B18 | C18: =LEN!C18 -> Carranza Dumes Genesis Daniela | D18: 8 | H18: 10 | P18: 10 | V18: =IFERROR(TRUNC(AVERAGE(D18:U18),2),"")*70/100 -> 6.531 | W18: 7 | X18: ='PROY. INTER'!W18 -> 9 | Y18: =AVERAGE(W18:X18) -> 8 | Z18: =Y18*30/100 -> 2.4 | AA18: =IFERROR(TRUNC(SUM(V18+Z18),2),"") -> 8.93 | AE18: 7 | AF18: =B18 | AG18: =C18 -> Carranza Dumes Genesis Daniela | AL18: 8 | AM18: 7 | AT18: 7 | AU18: 8 | AZ18: =IFERROR(TRUNC(AVERAGE(AH18:AY18),2),"")*70/100 -> 5.25 | BA18: 8 | BB18: ='PROY. INTER'!AX18 -> 2 | BC18: =AVERAGE(BA18:BB18) -> 5 | BD18: =BC18*30/100 -> 1.5 | BE18: =IFERROR(TRUNC(SUM(AZ18+BD18),2),"") -> 6.75 | BI18: 7 | BJ18: =B18 | BK18: =C18 -> Carranza Dumes Genesis Daniela | CD18: =IFERROR(TRUNC(AVERAGE(BL18:CC18),2),"")*70/100 -> 0 | CF18: ='PROY. INTER'!BY18 -> 0 | CG18: =AVERAGE(CE18:CF18) -> 0 | CH18: =CG18*30/100 -> 0 | CI18: =IFERROR(TRUNC(SUM(CD18+CH18),2),"") -> 0 | CM18: 7 | CN18: =B18 | CO18: =C18 -> Carranza Dumes Genesis Daniela | CP18: =AA18 -> 8.93 | CQ18: =BE18 -> 6.75 | CR18: =CI18 -> 0 | CS18: =IFERROR(TRUNC(AVERAGE(CP18:CR18),2),"")*100/100 -> 5.22 | CT18: =IF(CS18="","",IF(CS18>=7,"APROBADO",IF(AND(CS18<=6.99,CS18>=5),"SUPLETORIO","REPROBADO"))) -> SUPLETORIO | CX18: 7 | CY18: =B18 | CZ18: =C18 -> Carranza Dumes Genesis Daniela | DA18: =CS18 -> 5.22 | DC18: =IF(DA18>=7,DA18,IF(DA18="","",IF(DB18="",AVERAGE(DA18:DB18),IF(AND(DA18<4.01,DB18<>""),DA18,IF(DB18<7,DA18,7))))) -> 5.22 | DD18: =IF(AND(DA18>=7,DB18<>""),"DEJE EN BLANCO EL CASILLERO SUPLETORIO",IF(DA18="","",IF(AND(DA18<5,DB18<>""),"NO PUEDE RENDIR SUPLETORIO;REPRUEBA EL GRADO",IF(DC18<7,"NO PROMOVIDO","PROMOVIDO")))) -> NO PROMOVIDO
A19: 8 | B19: =LEN!B19 | C19: =LEN!C19 -> Castro De La Rosa Cristopher Ruben | D19: 7 | H19: 2 | P19: 2 | V19: =IFERROR(TRUNC(AVERAGE(D19:U19),2),"")*70/100 -> 2.562 | W19: 10 | X19: ='PROY. INTER'!W19 -> 6 | Y19: =AVERAGE(W19:X19) -> 8 | Z19: =Y19*30/100 -> 2.4 | AA19: =IFERROR(TRUNC(SUM(V19+Z19),2),"") -> 4.96 | AE19: 8 | AF19: =B19 | AG19: =C19 -> Castro De La Rosa Cristopher Ruben | AL19: 5 | AM19: 5 | AT19: 5 | AU19: 5 | AZ19: =IFERROR(TRUNC(AVERAGE(AH19:AY19),2),"")*70/100 -> 3.5 | BA19: 5 | BB19: ='PROY. INTER'!AX19 -> 2 | BC19: =AVERAGE(BA19:BB19) -> 3.5 | BD19: =BC19*30/100 -> 1.05 | BE19: =IFERROR(TRUNC(SUM(AZ19+BD19),2),"") -> 4.55 | BI19: 8 | BJ19: =B19 | BK19: =C19 -> Castro De La Rosa Cristopher Ruben | CD19: =IFERROR(TRUNC(AVERAGE(BL19:CC19),2),"")*70/100 -> 0 | CF19: ='PROY. INTER'!BY19 -> 0 | CG19: =AVERAGE(CE19:CF19) -> 0 | CH19: =CG19*30/100 -> 0 | CI19: =IFERROR(TRUNC(SUM(CD19+CH19),2),"") -> 0 | CM19: 8 | CN19: =B19 | CO19: =C19 -> Castro De La Rosa Cristopher Ruben | CP19: =AA19 -> 4.96 | CQ19: =BE19 -> 4.55 | CR19: =CI19 -> 0 | CS19: =IFERROR(TRUNC(AVERAGE(CP19:CR19),2),"")*100/100 -> 3.17 | CT19: =IF(CS19="","",IF(CS19>=7,"APROBADO",IF(AND(CS19<=6.99,CS19>=5),"SUPLETORIO","REPROBADO"))) -> REPROBADO | CX19: 8 | CY19: =B19 | CZ19: =C19 -> Castro De La Rosa Cristopher Ruben | DA19: =CS19 -> 3.17 | DC19: =IF(DA19>=7,DA19,IF(DA19="","",IF(DB19="",AVERAGE(DA19:DB19),IF(AND(DA19<4.01,DB19<>""),DA19,IF(DB19<7,DA19,7))))) -> 3.17 | DD19: =IF(AND(DA19>=7,DB19<>""),"DEJE EN BLANCO EL CASILLERO SUPLETORIO",IF(DA19="","",IF(AND(DA19<5,DB19<>""),"NO PUEDE RENDIR SUPLETORIO;REPRUEBA EL GRADO",IF(DC19<7,"NO PROMOVIDO","PROMOVIDO")))) -> NO PROMOVIDO
A20: 9 | B20: =LEN!B20 | C20: =LEN!C20 -> Chamba Maurad Joshelyn Juleixi | D20: 3.5 | H20: 3.5 | P20: 4 | V20: =IFERROR(TRUNC(AVERAGE(D20:U20),2),"")*70/100 -> 2.562 | W20: 4 | X20: ='PROY. INTER'!W20 -> 6 | Y20: =AVERAGE(W20:X20) -> 5 | Z20: =Y20*30/100 -> 1.5 | AA20: =IFERROR(TRUNC(SUM(V20+Z20),2),"") -> 4.06 | AE20: 9 | AF20: =B20 | AG20: =C20 -> Chamba Maurad Joshelyn Juleixi | AL20: 7 | AM20: 7 | AT20: 7 | AU20: 7 | AZ20: =IFERROR(TRUNC(AVERAGE(AH20:AY20),2),"")*70/100 -> 4.9 | BA20: 7 | BB20: ='PROY. INTER'!AX20 -> 10 | BC20: =AVERAGE(BA20:BB20) -> 8.5 | BD20: =BC20*30/100 -> 2.55 | BE20: =IFERROR(TRUNC(SUM(AZ20+BD20),2),"") -> 7.45 | BI20: 9 | BJ20: =B20 | BK20: =C20 -> Chamba Maurad Joshelyn Juleixi | CD20: =IFERROR(TRUNC(AVERAGE(BL20:CC20),2),"")*70/100 -> 0 | CF20: ='PROY. INTER'!BY20 -> 0 | CG20: =AVERAGE(CE20:CF20) -> 0 | CH20: =CG20*30/100 -> 0 | CI20: =IFERROR(TRUNC(SUM(CD20+CH20),2),"") -> 0 | CM20: 9 | CN20: =B20 | CO20: =C20 -> Chamba Maurad Joshelyn Juleixi | CP20: =AA20 -> 4.06 | CQ20: =BE20 -> 7.45 | CR20: =CI20 -> 0 | CS20: =IFERROR(TRUNC(AVERAGE(CP20:CR20),2),"")*100/100 -> 3.83 | CT20: =IF(CS20="","",IF(CS20>=7,"APROBADO",IF(AND(CS20<=6.99,CS20>=5),"SUPLETORIO","REPROBADO"))) -> REPROBADO | CX20: 9 | CY20: =B20 | CZ20: =C20 -> Chamba Maurad Joshelyn Juleixi | DA20: =CS20 -> 3.83 | DC20: =IF(DA20>=7,DA20,IF(DA20="","",IF(DB20="",AVERAGE(DA20:DB20),IF(AND(DA20<4.01,DB20<>""),DA20,IF(DB20<7,DA20,7))))) -> 3.83 | DD20: =IF(AND(DA20>=7,DB20<>""),"DEJE EN BLANCO EL CASILLERO SUPLETORIO",IF(DA20="","",IF(AND(DA20<5,DB20<>""),"NO PUEDE RENDIR SUPLETORIO;REPRUEBA EL GRADO",IF(DC20<7,"NO PROMOVIDO","PROMOVIDO")))) -> NO PROMOVIDO
A21: 10 | B21: =LEN!B21 | C21: =LEN!C21 -> Cedeño Sanchez Josué | D21: 4 | H21: 3.5 | P21: 4 | V21: =IFERROR(TRUNC(AVERAGE(D21:U21),2),"")*70/100 -> 2.681 | W21: 3 | X21: ='PROY. INTER'!W21 -> 6 | Y21: =AVERAGE(W21:X21) -> 4.5 | Z21: =Y21*30/100 -> 1.35 | AA21: =IFERROR(TRUNC(SUM(V21+Z21),2),"") -> 4.03 | AE21: 10 | AF21: =B21 | AG21: =C21 -> Cedeño Sanchez Josué | AL21: 5 | AM21: 5 | AT21: 5 | AU21: 5 | AZ21: =IFERROR(TRUNC(AVERAGE(AH21:AY21),2),"")*70/100 -> 3.5 | BA21: 5 | BB21: ='PROY. INTER'!AX21 -> 2 | BC21: =AVERAGE(BA21:BB21) -> 3.5 | BD21: =BC21*30/100 -> 1.05 | BE21: =IFERROR(TRUNC(SUM(AZ21+BD21),2),"") -> 4.55 | BI21: 10 | BJ21: =B21 | BK21: =C21 -> Cedeño Sanchez Josué | CD21: =IFERROR(TRUNC(AVERAGE(BL21:CC21),2),"")*70/100 -> 0 | CF21: ='PROY. INTER'!BY21 -> 0 | CG21: =AVERAGE(CE21:CF21) -> 0 | CH21: =CG21*30/100 -> 0 | CI21: =IFERROR(TRUNC(SUM(CD21+CH21),2),"") -> 0 | CM21: 10 | CN21: =B21 | CO21: =C21 -> Cedeño Sanchez Josué | CP21: =AA21 -> 4.03 | CQ21: =BE21 -> 4.55 | CR21: =CI21 -> 0 | CS21: =IFERROR(TRUNC(AVERAGE(CP21:CR21),2),"")*100/100 -> 2.86 | CT21: =IF(CS21="","",IF(CS21>=7,"APROBADO",IF(AND(CS21<=6.99,CS21>=5),"SUPLETORIO","REPROBADO"))) -> REPROBADO | CX21: 10 | CY21: =B21 | CZ21: =C21 -> Cedeño Sanchez Josué | DA21: =CS21 -> 2.86 | DC21: =IF(DA21>=7,DA21,IF(DA21="","",IF(DB21="",AVERAGE(DA21:DB21),IF(AND(DA21<4.01,DB21<>""),DA21,IF(DB21<7,DA21,7))))) -> 2.86 | DD21: =IF(AND(DA21>=7,DB21<>""),"DEJE EN BLANCO EL CASILLERO SUPLETORIO",IF(DA21="","",IF(AND(DA21<5,DB21<>""),"NO PUEDE RENDIR SUPLETORIO;REPRUEBA EL GRADO",IF(DC21<7,"NO PROMOVIDO","PROMOVIDO")))) -> NO PROMOVIDO
A22: 11 | B22: =LEN!B22 | C22: =LEN!C22 -> Espinoza Martinez Stefano Juliano | D22: 10 | H22: 9 | P22: 10 | V22: =IFERROR(TRUNC(AVERAGE(D22:U22),2),"")*70/100 -> 6.762 | W22: 8 | X22: ='PROY. INTER'!W22 -> 10 | Y22: =AVERAGE(W22:X22) -> 9 | Z22: =Y22*30/100 -> 2.7 | AA22: =IFERROR(TRUNC(SUM(V22+Z22),2),"") -> 9.46 | AE22: 11 | AF22: =B22 | AG22: =C22 -> Espinoza Martinez Stefano Juliano | AL22: 10 | AM22: 10 | AT22: 10 | AU22: 10 | AZ22: =IFERROR(TRUNC(AVERAGE(AH22:AY22),2),"")*70/100 -> 7 | BA22: 7 | BB22: ='PROY. INTER'!AX22 -> 10 | BC22: =AVERAGE(BA22:BB22) -> 8.5 | BD22: =BC22*30/100 -> 2.55 | BE22: =IFERROR(TRUNC(SUM(AZ22+BD22),2),"") -> 9.55 | BI22: 11 | BJ22: =B22 | BK22: =C22 -> Espinoza Martinez Stefano Juliano | CD22: =IFERROR(TRUNC(AVERAGE(BL22:CC22),2),"")*70/100 -> 0 | CF22: ='PROY. INTER'!BY22 -> 0 | CG22: =AVERAGE(CE22:CF22) -> 0 | CH22: =CG22*30/100 -> 0 | CI22: =IFERROR(TRUNC(SUM(CD22+CH22),2),"") -> 0 | CM22: 11 | CN22: =B22 | CO22: =C22 -> Espinoza Martinez Stefano Juliano | CP22: =AA22 -> 9.46 | CQ22: =BE22 -> 9.55 | CR22: =CI22 -> 0 | CS22: =IFERROR(TRUNC(AVERAGE(CP22:CR22),2),"")*100/100 -> 6.33 | CT22: =IF(CS22="","",IF(CS22>=7,"APROBADO",IF(AND(CS22<=6.99,CS22>=5),"SUPLETORIO","REPROBADO"))) -> SUPLETORIO | CX22: 11 | CY22: =B22 | CZ22: =C22 -> Espinoza Martinez Stefano Juliano | DA22: =CS22 -> 6.33 | DC22: =IF(DA22>=7,DA22,IF(DA22="","",IF(DB22="",AVERAGE(DA22:DB22),IF(AND(DA22<4.01,DB22<>""),DA22,IF(DB22<7,DA22,7))))) -> 6.33 | DD22: =IF(AND(DA22>=7,DB22<>""),"DEJE EN BLANCO EL CASILLERO SUPLETORIO",IF(DA22="","",IF(AND(DA22<5,DB22<>""),"NO PUEDE RENDIR SUPLETORIO;REPRUEBA EL GRADO",IF(DC22<7,"NO PROMOVIDO","PROMOVIDO")))) -> NO PROMOVIDO
A23: 12 | B23: =LEN!B23 | C23: =LEN!C23 -> Espinoza Morante Melany Ginger | D23: 10 | H23: 9 | P23: 10 | V23: =IFERROR(TRUNC(AVERAGE(D23:U23),2),"")*70/100 -> 6.762 | W23: 10 | X23: ='PROY. INTER'!W23 -> 7.2 | Y23: =AVERAGE(W23:X23) -> 8.6 | Z23: =Y23*30/100 -> 2.58 | AA23: =IFERROR(TRUNC(SUM(V23+Z23),2),"") -> 9.34 | AE23: 12 | AF23: =B23 | AG23: =C23 -> Espinoza Morante Melany Ginger | AL23: 8 | AM23: 8 | AT23: 8 | AU23: 8 | AZ23: =IFERROR(TRUNC(AVERAGE(AH23:AY23),2),"")*70/100 -> 5.6 | BA23: 5 | BB23: ='PROY. INTER'!AX23 -> 10 | BC23: =AVERAGE(BA23:BB23) -> 7.5 | BD23: =BC23*30/100 -> 2.25 | BE23: =IFERROR(TRUNC(SUM(AZ23+BD23),2),"") -> 7.85 | BI23: 12 | BJ23: =B23 | BK23: =C23 -> Espinoza Morante Melany Ginger | CD23: =IFERROR(TRUNC(AVERAGE(BL23:CC23),2),"")*70/100 -> 0 | CF23: ='PROY. INTER'!BY23 -> 0 | CG23: =AVERAGE(CE23:CF23) -> 0 | CH23: =CG23*30/100 -> 0 | CI23: =IFERROR(TRUNC(SUM(CD23+CH23),2),"") -> 0 | CM23: 12 | CN23: =B23 | CO23: =C23 -> Espinoza Morante Melany Ginger | CP23: =AA23 -> 9.34 | CQ23: =BE23 -> 7.85 | CR23: =CI23 -> 0 | CS23: =IFERROR(TRUNC(AVERAGE(CP23:CR23),2),"")*100/100 -> 5.73 | CT23: =IF(CS23="","",IF(CS23>=7,"APROBADO",IF(AND(CS23<=6.99,CS23>=5),"SUPLETORIO","REPROBADO"))) -> SUPLETORIO | CX23: 12 | CY23: =B23 | CZ23: =C23 -> Espinoza Morante Melany Ginger | DA23: =CS23 -> 5.73 | DC23: =IF(DA23>=7,DA23,IF(DA23="","",IF(DB23="",AVERAGE(DA23:DB23),IF(AND(DA23<4.01,DB23<>""),DA23,IF(DB23<7,DA23,7))))) -> 5.73 | DD23: =IF(AND(DA23>=7,DB23<>""),"DEJE EN BLANCO EL CASILLERO SUPLETORIO",IF(DA23="","",IF(AND(DA23<5,DB23<>""),"NO PUEDE RENDIR SUPLETORIO;REPRUEBA EL GRADO",IF(DC23<7,"NO PROMOVIDO","PROMOVIDO")))) -> NO PROMOVIDO
... A35: 24 | B35: =LEN!B35 | C35: =LEN!C35 -> Zambrano Zhicay Victor Humberto | D35: 10 | H35: 8 | P35: 9 | V35: =IFERROR(TRUNC(AVERAGE(D35:U35),2),"")*70/100 -> 6.3 | W35: 7 | X35: ='PROY. INTER'!W35 -> 9.73 | Y35: =AVERAGE(W35:X35) -> 8.365 | Z35: =Y35*30/100 -> 2.5095 | AA35: =IFERROR(TRUNC(SUM(V35+Z35),2),"") -> 8.8 | AE35: 24 | AF35: =B35 | AG35: =C35 -> Zambrano Zhicay Victor Humberto | AL35: 9 | AM35: 9 | AT35: 8.5 | AU35: 9 | AZ35: =IFERROR(TRUNC(AVERAGE(AH35:AY35),2),"")*70/100 -> 6.209 | BA35: 9 | BB35: ='PROY. INTER'!AX35 -> 10 | BC35: =AVERAGE(BA35:BB35) -> 9.5 | BD35: =BC35*30/100 -> 2.85 | BE35: =IFERROR(TRUNC(SUM(AZ35+BD35),2),"") -> 9.05 | BI35: 24 | BJ35: =B35 | BK35: =C35 -> Zambrano Zhicay Victor Humberto | CD35: =IFERROR(TRUNC(AVERAGE(BL35:CC35),2),"")*70/100 -> 0 | CF35: ='PROY. INTER'!BY35 -> 0 | CG35: =AVERAGE(CE35:CF35) -> 0 | CH35: =CG35*30/100 -> 0 | CI35: =IFERROR(TRUNC(SUM(CD35+CH35),2),"") -> 0 | CM35: 24 | CN35: =B35 | CO35: =C35 -> Zambrano Zhicay Victor Humberto | CP35: =AA35 -> 8.8 | CQ35: =BE35 -> 9.05 | CR35: =CI35 -> 0 | CS35: =IFERROR(TRUNC(AVERAGE(CP35:CR35),2),"")*100/100 -> 5.95 | CT35: =IF(CS35="","",IF(CS35>=7,"APROBADO",IF(AND(CS35<=6.99,CS35>=5),"SUPLETORIO","REPROBADO"))) -> SUPLETORIO | CX35: 24 | CY35: =B35 | CZ35: =C35 -> Zambrano Zhicay Victor Humberto | DA35: =CS35 -> 5.95 | DC35: =IF(DA35>=7,DA35,IF(DA35="","",IF(DB35="",AVERAGE(DA35:DB35),IF(AND(DA35<4.01,DB35<>""),DA35,IF(DB35<7,DA35,7))))) -> 5.95 | DD35: =IF(AND(DA35>=7,DB35<>""),"DEJE EN BLANCO EL CASILLERO SUPLETORIO",IF(DA35="","",IF(AND(DA35<5,DB35<>""),"NO PUEDE RENDIR SUPLETORIO;REPRUEBA EL GRADO",IF(DC35<7,"NO PROMOVIDO","PROMOVIDO")))) -> NO PROMOVIDO
A36: 25 | B36: =LEN!B36 | C36: =LEN!C36 | V36: =IFERROR(TRUNC(AVERAGE(D36:U36),2),"")*70/100 -> 0 | X36: ='PROY. INTER'!W36 -> 0 | Y36: =AVERAGE(W36:X36) -> 0 | Z36: =Y36*30/100 -> 0 | AA36: =IFERROR(TRUNC(SUM(V36+Z36),2),"") -> 0 | AE36: 25 | AF36: =B36 | AG36: =C36 | AZ36: =IFERROR(TRUNC(AVERAGE(AH36:AY36),2),"")*70/100 -> 0 | BB36: ='PROY. INTER'!AX36 -> 0 | BC36: =AVERAGE(BA36:BB36) -> 0 | BD36: =BC36*30/100 -> 0 | BE36: =IFERROR(TRUNC(SUM(AZ36+BD36),2),"") -> 0 | BI36: 25 | BJ36: =B36 | BK36: =C36 | CD36: =IFERROR(TRUNC(AVERAGE(BL36:CC36),2),"")*70/100 -> 0 | CF36: ='PROY. INTER'!BY36 -> 0 | CG36: =AVERAGE(CE36:CF36) -> 0 | CH36: =CG36*30/100 -> 0 | CI36: =IFERROR(TRUNC(SUM(CD36+CH36),2),"") -> 0 | CM36: 25 | CN36: =B36 | CO36: =C36 | CP36: =AA36 -> 0 | CQ36: =BE36 -> 0 | CR36: =CI36 -> 0 | CS36: =IFERROR(TRUNC(AVERAGE(CP36:CR36),2),"")*100/100 -> 0 | CT36: =IF(CS36="","",IF(CS36>=7,"APROBADO",IF(AND(CS36<=6.99,CS36>=5),"SUPLETORIO","REPROBADO"))) -> REPROBADO | CX36: 25 | CY36: =B36 | CZ36: =C36 | DA36: =CS36 -> 0 | DC36: =IF(DA36>=7,DA36,IF(DA36="","",IF(DB36="",AVERAGE(DA36:DB36),IF(AND(DA36<4.01,DB36<>""),DA36,IF(DB36<7,DA36,7))))) -> 0 | DD36: =IF(AND(DA36>=7,DB36<>""),"DEJE EN BLANCO EL CASILLERO SUPLETORIO",IF(DA36="","",IF(AND(DA36<5,DB36<>""),"NO PUEDE RENDIR SUPLETORIO;REPRUEBA EL GRADO",IF(DC36<7,"NO PROMOVIDO","PROMOVIDO")))) -> NO PROMOVIDO
